name,file_a,file_b,bytes_identical,json_equal,train_len_a,train_len_b,train_seq_equal,train_multiset_equal,test_len_a,test_len_b,test_seq_equal,test_multiset_equal,classification
007bbfb7.json,/home/jake/Developer/arc-analysis/DATA/ARC-1-TRAIN/007bbfb7.json,/home/jake/Developer/arc-analysis/DATA/ARC-2-TRAIN/007bbfb7.json,False,False,5,5,False,True,1,1,True,True,content_same_diff_train_order
00d62c1b.json,/home/jake/Developer/arc-analysis/DATA/ARC-1-TRAIN/00d62c1b.json,/home/jake/Developer/arc-analysis/DATA/ARC-2-TRAIN/00d62c1b.json,False,False,5,5,False,True,1,1,True,True,content_same_diff_train_order
017c7c7b.json,/home/jake/Developer/arc-analysis/DATA/ARC-1-TRAIN/017c7c7b.json,/home/jake/Developer/arc-analysis/DATA/ARC-2-TRAIN/017c7c7b.json,False,False,3,3,False,True,1,1,True,True,content_same_diff_train_order
025d127b.json,/home/jake/Developer/arc-analysis/DATA/ARC-1-TRAIN/025d127b.json,/home/jake/Developer/arc-analysis/DATA/ARC-2-TRAIN/025d127b.json,False,False,2,2,False,True,1,1,True,True,content_same_diff_train_order
045e512c.json,/home/jake/Developer/arc-analysis/DATA/ARC-1-TRAIN/045e512c.json,/home/jake/Developer/arc-analysis/DATA/ARC-2-TRAIN/045e512c.json,False,False,3,3,False,True,1,1,True,True,content_same_diff_train_order
0520fde7.json,/home/jake/Developer/arc-analysis/DATA/ARC-1-TRAIN/0520fde7.json,/home/jake/Developer/arc-analysis/DATA/ARC-2-TRAIN/0520fde7.json,False,False,3,3,False,True,1,1,True,True,content_same_diff_train_order
05269061.json,/home/jake/Developer/arc-analysis/DATA/ARC-1-TRAIN/05269061.json,/home/jake/Developer/arc-analysis/DATA/ARC-2-TRAIN/05269061.json,False,False,3,3,False,True,1,1,True,True,content_same_diff_train_order
05f2a901.json,/home/jake/Developer/arc-analysis/DATA/ARC-1-TRAIN/05f2a901.json,/home/jake/Developer/arc-analysis/DATA/ARC-2-TRAIN/05f2a901.json,False,False,3,3,False,True,1,1,True,True,content_same_diff_train_order
06df4c85.json,/home/jake/Developer/arc-analysis/DATA/ARC-1-TRAIN/06df4c85.json,/home/jake/Developer/arc-analysis/DATA/ARC-2-TRAIN/06df4c85.json,False,False,3,3,False,True,1,1,True,True,content_same_diff_train_order
08ed6ac7.json,/home/jake/Developer/arc-analysis/DATA/ARC-1-TRAIN/08ed6ac7.json,/home/jake/Developer/arc-analysis/DATA/ARC-2-TRAIN/08ed6ac7.json,False,False,2,2,False,True,1,1,True,True,content_same_diff_train_order
09629e4f.json,/home/jake/Developer/arc-analysis/DATA/ARC-1-TRAIN/09629e4f.json,/home/jake/Developer/arc-analysis/DATA/ARC-2-TRAIN/09629e4f.json,False,False,4,4,False,True,1,1,True,True,content_same_diff_train_order
0962bcdd.json,/home/jake/Developer/arc-analysis/DATA/ARC-1-TRAIN/0962bcdd.json,/home/jake/Developer/arc-analysis/DATA/ARC-2-TRAIN/0962bcdd.json,False,False,2,2,False,True,1,1,True,True,content_same_diff_train_order
0a938d79.json,/home/jake/Developer/arc-analysis/DATA/ARC-1-TRAIN/0a938d79.json,/home/jake/Developer/arc-analysis/DATA/ARC-2-TRAIN/0a938d79.json,False,False,4,4,False,True,1,1,True,True,content_same_diff_train_order
0b148d64.json,/home/jake/Developer/arc-analysis/DATA/ARC-1-TRAIN/0b148d64.json,/home/jake/Developer/arc-analysis/DATA/ARC-2-TRAIN/0b148d64.json,False,False,3,3,False,True,1,1,True,True,content_same_diff_train_order
0ca9ddb6.json,/home/jake/Developer/arc-analysis/DATA/ARC-1-TRAIN/0ca9ddb6.json,/home/jake/Developer/arc-analysis/DATA/ARC-2-TRAIN/0ca9ddb6.json,False,False,3,3,False,True,1,1,True,True,content_same_diff_train_order
0d3d703e.json,/home/jake/Developer/arc-analysis/DATA/ARC-1-TRAIN/0d3d703e.json,/home/jake/Developer/arc-analysis/DATA/ARC-2-TRAIN/0d3d703e.json,False,False,4,4,False,True,1,1,True,True,content_same_diff_train_order
0e206a2e.json,/home/jake/Developer/arc-analysis/DATA/ARC-1-TRAIN/0e206a2e.json,/home/jake/Developer/arc-analysis/DATA/ARC-2-TRAIN/0e206a2e.json,False,False,3,3,False,True,1,1,True,True,content_same_diff_train_order
10fcaaa3.json,/home/jake/Developer/arc-analysis/DATA/ARC-1-TRAIN/10fcaaa3.json,/home/jake/Developer/arc-analysis/DATA/ARC-2-TRAIN/10fcaaa3.json,False,False,4,4,False,True,1,1,True,True,content_same_diff_train_order
11852cab.json,/home/jake/Developer/arc-analysis/DATA/ARC-1-TRAIN/11852cab.json,/home/jake/Developer/arc-analysis/DATA/ARC-2-TRAIN/11852cab.json,False,False,3,3,False,True,1,1,True,True,content_same_diff_train_order
1190e5a7.json,/home/jake/Developer/arc-analysis/DATA/ARC-1-TRAIN/1190e5a7.json,/home/jake/Developer/arc-analysis/DATA/ARC-2-TRAIN/1190e5a7.json,False,False,3,3,False,True,1,1,True,True,content_same_diff_train_order
137eaa0f.json,/home/jake/Developer/arc-analysis/DATA/ARC-1-TRAIN/137eaa0f.json,/home/jake/Developer/arc-analysis/DATA/ARC-2-TRAIN/137eaa0f.json,False,False,3,3,False,True,1,1,True,True,content_same_diff_train_order
150deff5.json,/home/jake/Developer/arc-analysis/DATA/ARC-1-TRAIN/150deff5.json,/home/jake/Developer/arc-analysis/DATA/ARC-2-TRAIN/150deff5.json,False,False,3,3,False,True,1,1,True,True,content_same_diff_train_order
178fcbfb.json,/home/jake/Developer/arc-analysis/DATA/ARC-1-TRAIN/178fcbfb.json,/home/jake/Developer/arc-analysis/DATA/ARC-2-TRAIN/178fcbfb.json,False,False,3,3,False,True,1,1,True,True,content_same_diff_train_order
1a07d186.json,/home/jake/Developer/arc-analysis/DATA/ARC-1-TRAIN/1a07d186.json,/home/jake/Developer/arc-analysis/DATA/ARC-2-TRAIN/1a07d186.json,False,False,3,3,False,True,1,1,True,True,content_same_diff_train_order
1b2d62fb.json,/home/jake/Developer/arc-analysis/DATA/ARC-1-TRAIN/1b2d62fb.json,/home/jake/Developer/arc-analysis/DATA/ARC-2-TRAIN/1b2d62fb.json,False,False,5,5,False,True,1,1,True,True,content_same_diff_train_order
1b60fb0c.json,/home/jake/Developer/arc-analysis/DATA/ARC-1-TRAIN/1b60fb0c.json,/home/jake/Developer/arc-analysis/DATA/ARC-2-TRAIN/1b60fb0c.json,False,False,3,3,False,True,1,1,True,True,content_same_diff_train_order
1bfc4729.json,/home/jake/Developer/arc-analysis/DATA/ARC-1-TRAIN/1bfc4729.json,/home/jake/Developer/arc-analysis/DATA/ARC-2-TRAIN/1bfc4729.json,False,False,2,2,False,True,1,1,True,True,content_same_diff_train_order
1c786137.json,/home/jake/Developer/arc-analysis/DATA/ARC-1-TRAIN/1c786137.json,/home/jake/Developer/arc-analysis/DATA/ARC-2-TRAIN/1c786137.json,False,False,3,3,False,True,1,1,True,True,content_same_diff_train_order
1caeab9d.json,/home/jake/Developer/arc-analysis/DATA/ARC-1-TRAIN/1caeab9d.json,/home/jake/Developer/arc-analysis/DATA/ARC-2-TRAIN/1caeab9d.json,False,False,3,3,False,True,1,1,True,True,content_same_diff_train_order
1cf80156.json,/home/jake/Developer/arc-analysis/DATA/ARC-1-TRAIN/1cf80156.json,/home/jake/Developer/arc-analysis/DATA/ARC-2-TRAIN/1cf80156.json,False,False,3,3,False,True,1,1,True,True,content_same_diff_train_order
1e0a9b12.json,/home/jake/Developer/arc-analysis/DATA/ARC-1-TRAIN/1e0a9b12.json,/home/jake/Developer/arc-analysis/DATA/ARC-2-TRAIN/1e0a9b12.json,False,False,3,3,False,True,1,1,True,True,content_same_diff_train_order
1e32b0e9.json,/home/jake/Developer/arc-analysis/DATA/ARC-1-TRAIN/1e32b0e9.json,/home/jake/Developer/arc-analysis/DATA/ARC-2-TRAIN/1e32b0e9.json,False,False,3,3,False,True,1,1,True,True,content_same_diff_train_order
1f0c79e5.json,/home/jake/Developer/arc-analysis/DATA/ARC-1-TRAIN/1f0c79e5.json,/home/jake/Developer/arc-analysis/DATA/ARC-2-TRAIN/1f0c79e5.json,False,False,4,4,False,True,1,1,True,True,content_same_diff_train_order
1f642eb9.json,/home/jake/Developer/arc-analysis/DATA/ARC-1-TRAIN/1f642eb9.json,/home/jake/Developer/arc-analysis/DATA/ARC-2-TRAIN/1f642eb9.json,False,False,3,3,False,True,1,1,True,True,content_same_diff_train_order
1f85a75f.json,/home/jake/Developer/arc-analysis/DATA/ARC-1-TRAIN/1f85a75f.json,/home/jake/Developer/arc-analysis/DATA/ARC-2-TRAIN/1f85a75f.json,False,False,2,2,False,True,1,1,True,True,content_same_diff_train_order
1f876c06.json,/home/jake/Developer/arc-analysis/DATA/ARC-1-TRAIN/1f876c06.json,/home/jake/Developer/arc-analysis/DATA/ARC-2-TRAIN/1f876c06.json,False,False,3,3,False,True,1,1,True,True,content_same_diff_train_order
1fad071e.json,/home/jake/Developer/arc-analysis/DATA/ARC-1-TRAIN/1fad071e.json,/home/jake/Developer/arc-analysis/DATA/ARC-2-TRAIN/1fad071e.json,False,False,3,3,False,True,1,1,True,True,content_same_diff_train_order
2013d3e2.json,/home/jake/Developer/arc-analysis/DATA/ARC-1-TRAIN/2013d3e2.json,/home/jake/Developer/arc-analysis/DATA/ARC-2-TRAIN/2013d3e2.json,False,False,2,2,False,True,1,1,True,True,content_same_diff_train_order
2204b7a8.json,/home/jake/Developer/arc-analysis/DATA/ARC-1-TRAIN/2204b7a8.json,/home/jake/Developer/arc-analysis/DATA/ARC-2-TRAIN/2204b7a8.json,False,False,3,3,False,True,1,1,True,True,content_same_diff_train_order
22168020.json,/home/jake/Developer/arc-analysis/DATA/ARC-1-TRAIN/22168020.json,/home/jake/Developer/arc-analysis/DATA/ARC-2-TRAIN/22168020.json,False,False,3,3,False,True,1,1,True,True,content_same_diff_train_order
22233c11.json,/home/jake/Developer/arc-analysis/DATA/ARC-1-TRAIN/22233c11.json,/home/jake/Developer/arc-analysis/DATA/ARC-2-TRAIN/22233c11.json,False,False,3,3,False,True,1,1,True,True,content_same_diff_train_order
2281f1f4.json,/home/jake/Developer/arc-analysis/DATA/ARC-1-TRAIN/2281f1f4.json,/home/jake/Developer/arc-analysis/DATA/ARC-2-TRAIN/2281f1f4.json,False,False,3,3,False,True,1,1,True,True,content_same_diff_train_order
228f6490.json,/home/jake/Developer/arc-analysis/DATA/ARC-1-TRAIN/228f6490.json,/home/jake/Developer/arc-analysis/DATA/ARC-2-TRAIN/228f6490.json,False,False,3,3,False,True,1,1,True,True,content_same_diff_train_order
22eb0ac0.json,/home/jake/Developer/arc-analysis/DATA/ARC-1-TRAIN/22eb0ac0.json,/home/jake/Developer/arc-analysis/DATA/ARC-2-TRAIN/22eb0ac0.json,False,False,3,3,False,True,1,1,True,True,content_same_diff_train_order
234bbc79.json,/home/jake/Developer/arc-analysis/DATA/ARC-1-TRAIN/234bbc79.json,/home/jake/Developer/arc-analysis/DATA/ARC-2-TRAIN/234bbc79.json,False,False,4,4,False,True,1,1,True,True,content_same_diff_train_order
23581191.json,/home/jake/Developer/arc-analysis/DATA/ARC-1-TRAIN/23581191.json,/home/jake/Developer/arc-analysis/DATA/ARC-2-TRAIN/23581191.json,False,False,2,2,False,True,1,1,True,True,content_same_diff_train_order
239be575.json,/home/jake/Developer/arc-analysis/DATA/ARC-1-TRAIN/239be575.json,/home/jake/Developer/arc-analysis/DATA/ARC-2-TRAIN/239be575.json,False,False,6,6,False,True,2,2,False,True,content_same_order_insensitive
23b5c85d.json,/home/jake/Developer/arc-analysis/DATA/ARC-1-TRAIN/23b5c85d.json,/home/jake/Developer/arc-analysis/DATA/ARC-2-TRAIN/23b5c85d.json,False,False,5,5,False,True,1,1,True,True,content_same_diff_train_order
253bf280.json,/home/jake/Developer/arc-analysis/DATA/ARC-1-TRAIN/253bf280.json,/home/jake/Developer/arc-analysis/DATA/ARC-2-TRAIN/253bf280.json,False,False,8,8,False,True,1,1,True,True,content_same_diff_train_order
25d487eb.json,/home/jake/Developer/arc-analysis/DATA/ARC-1-TRAIN/25d487eb.json,/home/jake/Developer/arc-analysis/DATA/ARC-2-TRAIN/25d487eb.json,False,False,3,3,False,True,1,1,True,True,content_same_diff_train_order
25d8a9c8.json,/home/jake/Developer/arc-analysis/DATA/ARC-1-TRAIN/25d8a9c8.json,/home/jake/Developer/arc-analysis/DATA/ARC-2-TRAIN/25d8a9c8.json,False,False,4,4,False,True,1,1,True,True,content_same_diff_train_order
25ff71a9.json,/home/jake/Developer/arc-analysis/DATA/ARC-1-TRAIN/25ff71a9.json,/home/jake/Developer/arc-analysis/DATA/ARC-2-TRAIN/25ff71a9.json,False,False,4,4,False,True,2,2,False,True,content_same_order_insensitive
264363fd.json,/home/jake/Developer/arc-analysis/DATA/ARC-1-TRAIN/264363fd.json,/home/jake/Developer/arc-analysis/DATA/ARC-2-TRAIN/264363fd.json,False,False,3,3,False,True,1,1,True,True,content_same_diff_train_order
272f95fa.json,/home/jake/Developer/arc-analysis/DATA/ARC-1-TRAIN/272f95fa.json,/home/jake/Developer/arc-analysis/DATA/ARC-2-TRAIN/272f95fa.json,False,False,2,2,False,True,1,1,True,True,content_same_diff_train_order
27a28665.json,/home/jake/Developer/arc-analysis/DATA/ARC-1-TRAIN/27a28665.json,/home/jake/Developer/arc-analysis/DATA/ARC-2-TRAIN/27a28665.json,False,False,7,7,False,True,3,3,False,True,content_same_order_insensitive
28bf18c6.json,/home/jake/Developer/arc-analysis/DATA/ARC-1-TRAIN/28bf18c6.json,/home/jake/Developer/arc-analysis/DATA/ARC-2-TRAIN/28bf18c6.json,False,False,3,3,False,True,1,1,True,True,content_same_diff_train_order
28e73c20.json,/home/jake/Developer/arc-analysis/DATA/ARC-1-TRAIN/28e73c20.json,/home/jake/Developer/arc-analysis/DATA/ARC-2-TRAIN/28e73c20.json,False,False,5,5,False,True,1,1,True,True,content_same_diff_train_order
29623171.json,/home/jake/Developer/arc-analysis/DATA/ARC-1-TRAIN/29623171.json,/home/jake/Developer/arc-analysis/DATA/ARC-2-TRAIN/29623171.json,False,False,3,3,False,True,1,1,True,True,content_same_diff_train_order
29c11459.json,/home/jake/Developer/arc-analysis/DATA/ARC-1-TRAIN/29c11459.json,/home/jake/Developer/arc-analysis/DATA/ARC-2-TRAIN/29c11459.json,False,False,2,2,False,True,1,1,True,True,content_same_diff_train_order
2bcee788.json,/home/jake/Developer/arc-analysis/DATA/ARC-1-TRAIN/2bcee788.json,/home/jake/Developer/arc-analysis/DATA/ARC-2-TRAIN/2bcee788.json,False,False,4,4,False,True,1,1,True,True,content_same_diff_train_order
2bee17df.json,/home/jake/Developer/arc-analysis/DATA/ARC-1-TRAIN/2bee17df.json,/home/jake/Developer/arc-analysis/DATA/ARC-2-TRAIN/2bee17df.json,False,False,3,3,False,True,1,1,True,True,content_same_diff_train_order
2c608aff.json,/home/jake/Developer/arc-analysis/DATA/ARC-1-TRAIN/2c608aff.json,/home/jake/Developer/arc-analysis/DATA/ARC-2-TRAIN/2c608aff.json,False,False,4,4,False,True,1,1,True,True,content_same_diff_train_order
2dc579da.json,/home/jake/Developer/arc-analysis/DATA/ARC-1-TRAIN/2dc579da.json,/home/jake/Developer/arc-analysis/DATA/ARC-2-TRAIN/2dc579da.json,False,False,3,3,False,True,1,1,True,True,content_same_diff_train_order
2dd70a9a.json,/home/jake/Developer/arc-analysis/DATA/ARC-1-TRAIN/2dd70a9a.json,/home/jake/Developer/arc-analysis/DATA/ARC-2-TRAIN/2dd70a9a.json,False,False,3,3,False,True,1,1,True,True,content_same_diff_train_order
2dee498d.json,/home/jake/Developer/arc-analysis/DATA/ARC-1-TRAIN/2dee498d.json,/home/jake/Developer/arc-analysis/DATA/ARC-2-TRAIN/2dee498d.json,False,False,3,3,False,True,1,1,True,True,content_same_diff_train_order
31aa019c.json,/home/jake/Developer/arc-analysis/DATA/ARC-1-TRAIN/31aa019c.json,/home/jake/Developer/arc-analysis/DATA/ARC-2-TRAIN/31aa019c.json,False,False,3,3,False,True,1,1,True,True,content_same_diff_train_order
321b1fc6.json,/home/jake/Developer/arc-analysis/DATA/ARC-1-TRAIN/321b1fc6.json,/home/jake/Developer/arc-analysis/DATA/ARC-2-TRAIN/321b1fc6.json,False,False,2,2,False,True,1,1,True,True,content_same_diff_train_order
32597951.json,/home/jake/Developer/arc-analysis/DATA/ARC-1-TRAIN/32597951.json,/home/jake/Developer/arc-analysis/DATA/ARC-2-TRAIN/32597951.json,False,False,3,3,False,True,1,1,True,True,content_same_diff_train_order
3345333e.json,/home/jake/Developer/arc-analysis/DATA/ARC-1-TRAIN/3345333e.json,/home/jake/Developer/arc-analysis/DATA/ARC-2-TRAIN/3345333e.json,False,False,2,2,False,True,1,1,True,True,content_same_diff_train_order
3428a4f5.json,/home/jake/Developer/arc-analysis/DATA/ARC-1-TRAIN/3428a4f5.json,/home/jake/Developer/arc-analysis/DATA/ARC-2-TRAIN/3428a4f5.json,False,False,4,4,False,True,2,2,False,True,content_same_order_insensitive
3618c87e.json,/home/jake/Developer/arc-analysis/DATA/ARC-1-TRAIN/3618c87e.json,/home/jake/Developer/arc-analysis/DATA/ARC-2-TRAIN/3618c87e.json,False,False,3,3,False,True,1,1,True,True,content_same_diff_train_order
363442ee.json,/home/jake/Developer/arc-analysis/DATA/ARC-1-TRAIN/363442ee.json,/home/jake/Developer/arc-analysis/DATA/ARC-2-TRAIN/363442ee.json,False,False,3,3,False,True,1,1,True,True,content_same_diff_train_order
36d67576.json,/home/jake/Developer/arc-analysis/DATA/ARC-1-TRAIN/36d67576.json,/home/jake/Developer/arc-analysis/DATA/ARC-2-TRAIN/36d67576.json,False,False,3,3,False,True,1,1,True,True,content_same_diff_train_order
36fdfd69.json,/home/jake/Developer/arc-analysis/DATA/ARC-1-TRAIN/36fdfd69.json,/home/jake/Developer/arc-analysis/DATA/ARC-2-TRAIN/36fdfd69.json,False,False,3,3,False,True,1,1,True,True,content_same_diff_train_order
3906de3d.json,/home/jake/Developer/arc-analysis/DATA/ARC-1-TRAIN/3906de3d.json,/home/jake/Developer/arc-analysis/DATA/ARC-2-TRAIN/3906de3d.json,False,False,3,3,False,True,1,1,True,True,content_same_diff_train_order
39a8645d.json,/home/jake/Developer/arc-analysis/DATA/ARC-1-TRAIN/39a8645d.json,/home/jake/Developer/arc-analysis/DATA/ARC-2-TRAIN/39a8645d.json,False,False,3,3,False,True,1,1,True,True,content_same_diff_train_order
39e1d7f9.json,/home/jake/Developer/arc-analysis/DATA/ARC-1-TRAIN/39e1d7f9.json,/home/jake/Developer/arc-analysis/DATA/ARC-2-TRAIN/39e1d7f9.json,False,False,3,3,False,True,1,1,True,True,content_same_diff_train_order
3aa6fb7a.json,/home/jake/Developer/arc-analysis/DATA/ARC-1-TRAIN/3aa6fb7a.json,/home/jake/Developer/arc-analysis/DATA/ARC-2-TRAIN/3aa6fb7a.json,False,False,2,2,False,True,1,1,True,True,content_same_diff_train_order
3ac3eb23.json,/home/jake/Developer/arc-analysis/DATA/ARC-1-TRAIN/3ac3eb23.json,/home/jake/Developer/arc-analysis/DATA/ARC-2-TRAIN/3ac3eb23.json,False,False,2,2,False,True,1,1,True,True,content_same_diff_train_order
3af2c5a8.json,/home/jake/Developer/arc-analysis/DATA/ARC-1-TRAIN/3af2c5a8.json,/home/jake/Developer/arc-analysis/DATA/ARC-2-TRAIN/3af2c5a8.json,False,False,3,3,False,True,1,1,True,True,content_same_diff_train_order
3bd67248.json,/home/jake/Developer/arc-analysis/DATA/ARC-1-TRAIN/3bd67248.json,/home/jake/Developer/arc-analysis/DATA/ARC-2-TRAIN/3bd67248.json,False,False,3,3,False,True,1,1,True,True,content_same_diff_train_order
3bdb4ada.json,/home/jake/Developer/arc-analysis/DATA/ARC-1-TRAIN/3bdb4ada.json,/home/jake/Developer/arc-analysis/DATA/ARC-2-TRAIN/3bdb4ada.json,False,False,2,2,False,True,1,1,True,True,content_same_diff_train_order
3befdf3e.json,/home/jake/Developer/arc-analysis/DATA/ARC-1-TRAIN/3befdf3e.json,/home/jake/Developer/arc-analysis/DATA/ARC-2-TRAIN/3befdf3e.json,False,False,3,3,False,True,1,1,True,True,content_same_diff_train_order
3c9b0459.json,/home/jake/Developer/arc-analysis/DATA/ARC-1-TRAIN/3c9b0459.json,/home/jake/Developer/arc-analysis/DATA/ARC-2-TRAIN/3c9b0459.json,False,False,4,4,False,True,1,1,True,True,content_same_diff_train_order
3de23699.json,/home/jake/Developer/arc-analysis/DATA/ARC-1-TRAIN/3de23699.json,/home/jake/Developer/arc-analysis/DATA/ARC-2-TRAIN/3de23699.json,False,False,4,4,False,True,1,1,True,True,content_same_diff_train_order
3e980e27.json,/home/jake/Developer/arc-analysis/DATA/ARC-1-TRAIN/3e980e27.json,/home/jake/Developer/arc-analysis/DATA/ARC-2-TRAIN/3e980e27.json,False,False,4,4,False,True,1,1,True,True,content_same_diff_train_order
3eda0437.json,/home/jake/Developer/arc-analysis/DATA/ARC-1-TRAIN/3eda0437.json,/home/jake/Developer/arc-analysis/DATA/ARC-2-TRAIN/3eda0437.json,False,False,4,4,False,True,1,1,True,True,content_same_diff_train_order
3f7978a0.json,/home/jake/Developer/arc-analysis/DATA/ARC-1-TRAIN/3f7978a0.json,/home/jake/Developer/arc-analysis/DATA/ARC-2-TRAIN/3f7978a0.json,False,False,3,3,False,True,1,1,True,True,content_same_diff_train_order
4093f84a.json,/home/jake/Developer/arc-analysis/DATA/ARC-1-TRAIN/4093f84a.json,/home/jake/Developer/arc-analysis/DATA/ARC-2-TRAIN/4093f84a.json,False,False,3,3,False,True,1,1,True,True,content_same_diff_train_order
41e4d17e.json,/home/jake/Developer/arc-analysis/DATA/ARC-1-TRAIN/41e4d17e.json,/home/jake/Developer/arc-analysis/DATA/ARC-2-TRAIN/41e4d17e.json,False,False,2,2,False,True,1,1,True,True,content_same_diff_train_order
4258a5f9.json,/home/jake/Developer/arc-analysis/DATA/ARC-1-TRAIN/4258a5f9.json,/home/jake/Developer/arc-analysis/DATA/ARC-2-TRAIN/4258a5f9.json,False,False,2,2,False,True,1,1,True,True,content_same_diff_train_order
4290ef0e.json,/home/jake/Developer/arc-analysis/DATA/ARC-1-TRAIN/4290ef0e.json,/home/jake/Developer/arc-analysis/DATA/ARC-2-TRAIN/4290ef0e.json,False,False,3,3,False,True,1,1,True,True,content_same_diff_train_order
42a50994.json,/home/jake/Developer/arc-analysis/DATA/ARC-1-TRAIN/42a50994.json,/home/jake/Developer/arc-analysis/DATA/ARC-2-TRAIN/42a50994.json,False,False,4,4,False,True,1,1,True,True,content_same_diff_train_order
4347f46a.json,/home/jake/Developer/arc-analysis/DATA/ARC-1-TRAIN/4347f46a.json,/home/jake/Developer/arc-analysis/DATA/ARC-2-TRAIN/4347f46a.json,False,False,3,3,False,True,1,1,True,True,content_same_diff_train_order
444801d8.json,/home/jake/Developer/arc-analysis/DATA/ARC-1-TRAIN/444801d8.json,/home/jake/Developer/arc-analysis/DATA/ARC-2-TRAIN/444801d8.json,False,False,3,3,False,True,1,1,True,True,content_same_diff_train_order
445eab21.json,/home/jake/Developer/arc-analysis/DATA/ARC-1-TRAIN/445eab21.json,/home/jake/Developer/arc-analysis/DATA/ARC-2-TRAIN/445eab21.json,False,False,3,3,False,True,1,1,True,True,content_same_diff_train_order
447fd412.json,/home/jake/Developer/arc-analysis/DATA/ARC-1-TRAIN/447fd412.json,/home/jake/Developer/arc-analysis/DATA/ARC-2-TRAIN/447fd412.json,False,False,3,3,False,True,1,1,True,True,content_same_diff_train_order
44d8ac46.json,/home/jake/Developer/arc-analysis/DATA/ARC-1-TRAIN/44d8ac46.json,/home/jake/Developer/arc-analysis/DATA/ARC-2-TRAIN/44d8ac46.json,False,False,4,4,False,True,1,1,True,True,content_same_diff_train_order
44f52bb0.json,/home/jake/Developer/arc-analysis/DATA/ARC-1-TRAIN/44f52bb0.json,/home/jake/Developer/arc-analysis/DATA/ARC-2-TRAIN/44f52bb0.json,False,False,6,6,False,True,2,2,False,True,content_same_order_insensitive
4522001f.json,/home/jake/Developer/arc-analysis/DATA/ARC-1-TRAIN/4522001f.json,/home/jake/Developer/arc-analysis/DATA/ARC-2-TRAIN/4522001f.json,False,False,2,2,False,True,1,1,True,True,content_same_diff_train_order
4612dd53.json,/home/jake/Developer/arc-analysis/DATA/ARC-1-TRAIN/4612dd53.json,/home/jake/Developer/arc-analysis/DATA/ARC-2-TRAIN/4612dd53.json,False,False,3,3,False,True,1,1,True,True,content_same_diff_train_order
46442a0e.json,/home/jake/Developer/arc-analysis/DATA/ARC-1-TRAIN/46442a0e.json,/home/jake/Developer/arc-analysis/DATA/ARC-2-TRAIN/46442a0e.json,False,False,3,3,False,True,1,1,True,True,content_same_diff_train_order
469497ad.json,/home/jake/Developer/arc-analysis/DATA/ARC-1-TRAIN/469497ad.json,/home/jake/Developer/arc-analysis/DATA/ARC-2-TRAIN/469497ad.json,False,False,3,3,False,True,1,1,True,True,content_same_diff_train_order
46f33fce.json,/home/jake/Developer/arc-analysis/DATA/ARC-1-TRAIN/46f33fce.json,/home/jake/Developer/arc-analysis/DATA/ARC-2-TRAIN/46f33fce.json,False,False,3,3,False,True,1,1,True,True,content_same_diff_train_order
47c1f68c.json,/home/jake/Developer/arc-analysis/DATA/ARC-1-TRAIN/47c1f68c.json,/home/jake/Developer/arc-analysis/DATA/ARC-2-TRAIN/47c1f68c.json,False,False,3,3,False,True,1,1,True,True,content_same_diff_train_order
484b58aa.json,/home/jake/Developer/arc-analysis/DATA/ARC-1-TRAIN/484b58aa.json,/home/jake/Developer/arc-analysis/DATA/ARC-2-TRAIN/484b58aa.json,False,False,3,3,False,True,1,1,True,True,content_same_diff_train_order
48d8fb45.json,/home/jake/Developer/arc-analysis/DATA/ARC-1-TRAIN/48d8fb45.json,/home/jake/Developer/arc-analysis/DATA/ARC-2-TRAIN/48d8fb45.json,False,False,3,3,False,True,1,1,True,True,content_same_diff_train_order
4938f0c2.json,/home/jake/Developer/arc-analysis/DATA/ARC-1-TRAIN/4938f0c2.json,/home/jake/Developer/arc-analysis/DATA/ARC-2-TRAIN/4938f0c2.json,False,False,3,3,False,True,1,1,True,True,content_same_diff_train_order
496994bd.json,/home/jake/Developer/arc-analysis/DATA/ARC-1-TRAIN/496994bd.json,/home/jake/Developer/arc-analysis/DATA/ARC-2-TRAIN/496994bd.json,False,False,2,2,False,True,1,1,True,True,content_same_diff_train_order
49d1d64f.json,/home/jake/Developer/arc-analysis/DATA/ARC-1-TRAIN/49d1d64f.json,/home/jake/Developer/arc-analysis/DATA/ARC-2-TRAIN/49d1d64f.json,False,False,3,3,False,True,1,1,True,True,content_same_diff_train_order
4be741c5.json,/home/jake/Developer/arc-analysis/DATA/ARC-1-TRAIN/4be741c5.json,/home/jake/Developer/arc-analysis/DATA/ARC-2-TRAIN/4be741c5.json,False,False,3,3,False,True,1,1,True,True,content_same_diff_train_order
4c4377d9.json,/home/jake/Developer/arc-analysis/DATA/ARC-1-TRAIN/4c4377d9.json,/home/jake/Developer/arc-analysis/DATA/ARC-2-TRAIN/4c4377d9.json,False,False,4,4,False,True,1,1,True,True,content_same_diff_train_order
4c5c2cf0.json,/home/jake/Developer/arc-analysis/DATA/ARC-1-TRAIN/4c5c2cf0.json,/home/jake/Developer/arc-analysis/DATA/ARC-2-TRAIN/4c5c2cf0.json,False,False,3,3,False,True,1,1,True,True,content_same_diff_train_order
50846271.json,/home/jake/Developer/arc-analysis/DATA/ARC-1-TRAIN/50846271.json,/home/jake/Developer/arc-analysis/DATA/ARC-2-TRAIN/50846271.json,False,False,4,4,False,True,1,1,True,True,content_same_diff_train_order
508bd3b6.json,/home/jake/Developer/arc-analysis/DATA/ARC-1-TRAIN/508bd3b6.json,/home/jake/Developer/arc-analysis/DATA/ARC-2-TRAIN/508bd3b6.json,False,False,3,3,False,True,1,1,True,True,content_same_diff_train_order
50cb2852.json,/home/jake/Developer/arc-analysis/DATA/ARC-1-TRAIN/50cb2852.json,/home/jake/Developer/arc-analysis/DATA/ARC-2-TRAIN/50cb2852.json,False,False,3,3,False,True,1,1,True,True,content_same_diff_train_order
5117e062.json,/home/jake/Developer/arc-analysis/DATA/ARC-1-TRAIN/5117e062.json,/home/jake/Developer/arc-analysis/DATA/ARC-2-TRAIN/5117e062.json,False,False,3,3,False,True,1,1,True,True,content_same_diff_train_order
5168d44c.json,/home/jake/Developer/arc-analysis/DATA/ARC-1-TRAIN/5168d44c.json,/home/jake/Developer/arc-analysis/DATA/ARC-2-TRAIN/5168d44c.json,False,False,3,3,False,True,1,1,True,True,content_same_diff_train_order
539a4f51.json,/home/jake/Developer/arc-analysis/DATA/ARC-1-TRAIN/539a4f51.json,/home/jake/Developer/arc-analysis/DATA/ARC-2-TRAIN/539a4f51.json,False,False,3,3,False,True,1,1,True,True,content_same_diff_train_order
53b68214.json,/home/jake/Developer/arc-analysis/DATA/ARC-1-TRAIN/53b68214.json,/home/jake/Developer/arc-analysis/DATA/ARC-2-TRAIN/53b68214.json,False,False,3,3,False,True,2,2,False,True,content_same_order_insensitive
543a7ed5.json,/home/jake/Developer/arc-analysis/DATA/ARC-1-TRAIN/543a7ed5.json,/home/jake/Developer/arc-analysis/DATA/ARC-2-TRAIN/543a7ed5.json,False,False,2,2,False,True,1,1,True,True,content_same_diff_train_order
54d82841.json,/home/jake/Developer/arc-analysis/DATA/ARC-1-TRAIN/54d82841.json,/home/jake/Developer/arc-analysis/DATA/ARC-2-TRAIN/54d82841.json,False,False,3,3,False,True,1,1,True,True,content_same_diff_train_order
54d9e175.json,/home/jake/Developer/arc-analysis/DATA/ARC-1-TRAIN/54d9e175.json,/home/jake/Developer/arc-analysis/DATA/ARC-2-TRAIN/54d9e175.json,False,False,4,4,False,True,1,1,True,True,content_same_diff_train_order
5521c0d9.json,/home/jake/Developer/arc-analysis/DATA/ARC-1-TRAIN/5521c0d9.json,/home/jake/Developer/arc-analysis/DATA/ARC-2-TRAIN/5521c0d9.json,False,False,3,3,False,True,1,1,True,True,content_same_diff_train_order
5582e5ca.json,/home/jake/Developer/arc-analysis/DATA/ARC-1-TRAIN/5582e5ca.json,/home/jake/Developer/arc-analysis/DATA/ARC-2-TRAIN/5582e5ca.json,False,False,3,3,False,True,1,1,True,True,content_same_diff_train_order
5614dbcf.json,/home/jake/Developer/arc-analysis/DATA/ARC-1-TRAIN/5614dbcf.json,/home/jake/Developer/arc-analysis/DATA/ARC-2-TRAIN/5614dbcf.json,False,False,2,2,False,True,1,1,True,True,content_same_diff_train_order
56dc2b01.json,/home/jake/Developer/arc-analysis/DATA/ARC-1-TRAIN/56dc2b01.json,/home/jake/Developer/arc-analysis/DATA/ARC-2-TRAIN/56dc2b01.json,False,False,3,3,False,True,1,1,True,True,content_same_diff_train_order
56ff96f3.json,/home/jake/Developer/arc-analysis/DATA/ARC-1-TRAIN/56ff96f3.json,/home/jake/Developer/arc-analysis/DATA/ARC-2-TRAIN/56ff96f3.json,False,False,4,4,False,True,1,1,True,True,content_same_diff_train_order
57aa92db.json,/home/jake/Developer/arc-analysis/DATA/ARC-1-TRAIN/57aa92db.json,/home/jake/Developer/arc-analysis/DATA/ARC-2-TRAIN/57aa92db.json,False,False,4,4,False,True,1,1,True,True,content_same_diff_train_order
5ad4f10b.json,/home/jake/Developer/arc-analysis/DATA/ARC-1-TRAIN/5ad4f10b.json,/home/jake/Developer/arc-analysis/DATA/ARC-2-TRAIN/5ad4f10b.json,False,False,3,3,False,True,1,1,True,True,content_same_diff_train_order
5bd6f4ac.json,/home/jake/Developer/arc-analysis/DATA/ARC-1-TRAIN/5bd6f4ac.json,/home/jake/Developer/arc-analysis/DATA/ARC-2-TRAIN/5bd6f4ac.json,False,False,4,4,False,True,1,1,True,True,content_same_diff_train_order
5c0a986e.json,/home/jake/Developer/arc-analysis/DATA/ARC-1-TRAIN/5c0a986e.json,/home/jake/Developer/arc-analysis/DATA/ARC-2-TRAIN/5c0a986e.json,False,False,3,3,False,True,1,1,True,True,content_same_diff_train_order
5c2c9af4.json,/home/jake/Developer/arc-analysis/DATA/ARC-1-TRAIN/5c2c9af4.json,/home/jake/Developer/arc-analysis/DATA/ARC-2-TRAIN/5c2c9af4.json,False,False,3,3,False,True,1,1,True,True,content_same_diff_train_order
5daaa586.json,/home/jake/Developer/arc-analysis/DATA/ARC-1-TRAIN/5daaa586.json,/home/jake/Developer/arc-analysis/DATA/ARC-2-TRAIN/5daaa586.json,False,False,3,3,False,True,1,1,True,True,content_same_diff_train_order
60b61512.json,/home/jake/Developer/arc-analysis/DATA/ARC-1-TRAIN/60b61512.json,/home/jake/Developer/arc-analysis/DATA/ARC-2-TRAIN/60b61512.json,False,False,2,2,False,True,1,1,True,True,content_same_diff_train_order
6150a2bd.json,/home/jake/Developer/arc-analysis/DATA/ARC-1-TRAIN/6150a2bd.json,/home/jake/Developer/arc-analysis/DATA/ARC-2-TRAIN/6150a2bd.json,False,False,2,2,False,True,1,1,True,True,content_same_diff_train_order
623ea044.json,/home/jake/Developer/arc-analysis/DATA/ARC-1-TRAIN/623ea044.json,/home/jake/Developer/arc-analysis/DATA/ARC-2-TRAIN/623ea044.json,False,False,3,3,False,True,1,1,True,True,content_same_diff_train_order
62c24649.json,/home/jake/Developer/arc-analysis/DATA/ARC-1-TRAIN/62c24649.json,/home/jake/Developer/arc-analysis/DATA/ARC-2-TRAIN/62c24649.json,False,False,3,3,False,True,1,1,True,True,content_same_diff_train_order
63613498.json,/home/jake/Developer/arc-analysis/DATA/ARC-1-TRAIN/63613498.json,/home/jake/Developer/arc-analysis/DATA/ARC-2-TRAIN/63613498.json,False,False,3,3,False,True,1,1,True,True,content_same_diff_train_order
6430c8c4.json,/home/jake/Developer/arc-analysis/DATA/ARC-1-TRAIN/6430c8c4.json,/home/jake/Developer/arc-analysis/DATA/ARC-2-TRAIN/6430c8c4.json,False,False,4,4,False,True,1,1,True,True,content_same_diff_train_order
6455b5f5.json,/home/jake/Developer/arc-analysis/DATA/ARC-1-TRAIN/6455b5f5.json,/home/jake/Developer/arc-analysis/DATA/ARC-2-TRAIN/6455b5f5.json,False,False,4,4,False,True,1,1,True,True,content_same_diff_train_order
662c240a.json,/home/jake/Developer/arc-analysis/DATA/ARC-1-TRAIN/662c240a.json,/home/jake/Developer/arc-analysis/DATA/ARC-2-TRAIN/662c240a.json,False,False,4,4,False,True,1,1,True,True,content_same_diff_train_order
67385a82.json,/home/jake/Developer/arc-analysis/DATA/ARC-1-TRAIN/67385a82.json,/home/jake/Developer/arc-analysis/DATA/ARC-2-TRAIN/67385a82.json,False,False,4,4,False,True,1,1,True,True,content_same_diff_train_order
673ef223.json,/home/jake/Developer/arc-analysis/DATA/ARC-1-TRAIN/673ef223.json,/home/jake/Developer/arc-analysis/DATA/ARC-2-TRAIN/673ef223.json,False,False,3,3,False,True,1,1,True,True,content_same_diff_train_order
6773b310.json,/home/jake/Developer/arc-analysis/DATA/ARC-1-TRAIN/6773b310.json,/home/jake/Developer/arc-analysis/DATA/ARC-2-TRAIN/6773b310.json,False,False,4,4,False,True,1,1,True,True,content_same_diff_train_order
67a3c6ac.json,/home/jake/Developer/arc-analysis/DATA/ARC-1-TRAIN/67a3c6ac.json,/home/jake/Developer/arc-analysis/DATA/ARC-2-TRAIN/67a3c6ac.json,False,False,3,3,False,True,1,1,True,True,content_same_diff_train_order
67a423a3.json,/home/jake/Developer/arc-analysis/DATA/ARC-1-TRAIN/67a423a3.json,/home/jake/Developer/arc-analysis/DATA/ARC-2-TRAIN/67a423a3.json,False,False,3,3,False,True,1,1,True,True,content_same_diff_train_order
67e8384a.json,/home/jake/Developer/arc-analysis/DATA/ARC-1-TRAIN/67e8384a.json,/home/jake/Developer/arc-analysis/DATA/ARC-2-TRAIN/67e8384a.json,False,False,4,4,False,True,1,1,True,True,content_same_diff_train_order
681b3aeb.json,/home/jake/Developer/arc-analysis/DATA/ARC-1-TRAIN/681b3aeb.json,/home/jake/Developer/arc-analysis/DATA/ARC-2-TRAIN/681b3aeb.json,False,False,3,3,False,True,1,1,True,True,content_same_diff_train_order
6855a6e4.json,/home/jake/Developer/arc-analysis/DATA/ARC-1-TRAIN/6855a6e4.json,/home/jake/Developer/arc-analysis/DATA/ARC-2-TRAIN/6855a6e4.json,False,False,3,3,False,True,1,1,True,True,content_same_diff_train_order
68b16354.json,/home/jake/Developer/arc-analysis/DATA/ARC-1-TRAIN/68b16354.json,/home/jake/Developer/arc-analysis/DATA/ARC-2-TRAIN/68b16354.json,False,False,3,3,False,True,1,1,True,True,content_same_diff_train_order
694f12f3.json,/home/jake/Developer/arc-analysis/DATA/ARC-1-TRAIN/694f12f3.json,/home/jake/Developer/arc-analysis/DATA/ARC-2-TRAIN/694f12f3.json,False,False,2,2,False,True,1,1,True,True,content_same_diff_train_order
6a1e5592.json,/home/jake/Developer/arc-analysis/DATA/ARC-1-TRAIN/6a1e5592.json,/home/jake/Developer/arc-analysis/DATA/ARC-2-TRAIN/6a1e5592.json,False,False,2,2,False,True,1,1,True,True,content_same_diff_train_order
6aa20dc0.json,/home/jake/Developer/arc-analysis/DATA/ARC-1-TRAIN/6aa20dc0.json,/home/jake/Developer/arc-analysis/DATA/ARC-2-TRAIN/6aa20dc0.json,False,False,3,3,False,True,1,1,True,True,content_same_diff_train_order
6b9890af.json,/home/jake/Developer/arc-analysis/DATA/ARC-1-TRAIN/6b9890af.json,/home/jake/Developer/arc-analysis/DATA/ARC-2-TRAIN/6b9890af.json,False,False,3,3,False,True,1,1,True,True,content_same_diff_train_order
6c434453.json,/home/jake/Developer/arc-analysis/DATA/ARC-1-TRAIN/6c434453.json,/home/jake/Developer/arc-analysis/DATA/ARC-2-TRAIN/6c434453.json,False,False,2,2,False,True,1,1,True,True,content_same_diff_train_order
6cdd2623.json,/home/jake/Developer/arc-analysis/DATA/ARC-1-TRAIN/6cdd2623.json,/home/jake/Developer/arc-analysis/DATA/ARC-2-TRAIN/6cdd2623.json,False,False,3,3,False,True,1,1,True,True,content_same_diff_train_order
6cf79266.json,/home/jake/Developer/arc-analysis/DATA/ARC-1-TRAIN/6cf79266.json,/home/jake/Developer/arc-analysis/DATA/ARC-2-TRAIN/6cf79266.json,False,False,3,3,False,True,1,1,True,True,content_same_diff_train_order
6d0160f0.json,/home/jake/Developer/arc-analysis/DATA/ARC-1-TRAIN/6d0160f0.json,/home/jake/Developer/arc-analysis/DATA/ARC-2-TRAIN/6d0160f0.json,False,False,4,4,False,True,1,1,True,True,content_same_diff_train_order
6d0aefbc.json,/home/jake/Developer/arc-analysis/DATA/ARC-1-TRAIN/6d0aefbc.json,/home/jake/Developer/arc-analysis/DATA/ARC-2-TRAIN/6d0aefbc.json,False,False,4,4,False,True,1,1,True,True,content_same_diff_train_order
6d58a25d.json,/home/jake/Developer/arc-analysis/DATA/ARC-1-TRAIN/6d58a25d.json,/home/jake/Developer/arc-analysis/DATA/ARC-2-TRAIN/6d58a25d.json,False,False,3,3,False,True,1,1,True,True,content_same_diff_train_order
6d75e8bb.json,/home/jake/Developer/arc-analysis/DATA/ARC-1-TRAIN/6d75e8bb.json,/home/jake/Developer/arc-analysis/DATA/ARC-2-TRAIN/6d75e8bb.json,False,False,3,3,False,True,1,1,True,True,content_same_diff_train_order
6e02f1e3.json,/home/jake/Developer/arc-analysis/DATA/ARC-1-TRAIN/6e02f1e3.json,/home/jake/Developer/arc-analysis/DATA/ARC-2-TRAIN/6e02f1e3.json,False,False,5,5,False,True,1,1,True,True,content_same_diff_train_order
6e19193c.json,/home/jake/Developer/arc-analysis/DATA/ARC-1-TRAIN/6e19193c.json,/home/jake/Developer/arc-analysis/DATA/ARC-2-TRAIN/6e19193c.json,False,False,2,2,False,True,1,1,True,True,content_same_diff_train_order
6e82a1ae.json,/home/jake/Developer/arc-analysis/DATA/ARC-1-TRAIN/6e82a1ae.json,/home/jake/Developer/arc-analysis/DATA/ARC-2-TRAIN/6e82a1ae.json,False,False,3,3,False,True,1,1,True,True,content_same_diff_train_order
6ecd11f4.json,/home/jake/Developer/arc-analysis/DATA/ARC-1-TRAIN/6ecd11f4.json,/home/jake/Developer/arc-analysis/DATA/ARC-2-TRAIN/6ecd11f4.json,False,False,3,3,False,True,1,1,True,True,content_same_diff_train_order
6f8cd79b.json,/home/jake/Developer/arc-analysis/DATA/ARC-1-TRAIN/6f8cd79b.json,/home/jake/Developer/arc-analysis/DATA/ARC-2-TRAIN/6f8cd79b.json,False,False,4,4,False,True,1,1,True,True,content_same_diff_train_order
6fa7a44f.json,/home/jake/Developer/arc-analysis/DATA/ARC-1-TRAIN/6fa7a44f.json,/home/jake/Developer/arc-analysis/DATA/ARC-2-TRAIN/6fa7a44f.json,False,False,4,4,False,True,1,1,True,True,content_same_diff_train_order
72322fa7.json,/home/jake/Developer/arc-analysis/DATA/ARC-1-TRAIN/72322fa7.json,/home/jake/Developer/arc-analysis/DATA/ARC-2-TRAIN/72322fa7.json,False,False,3,3,False,True,1,1,True,True,content_same_diff_train_order
72ca375d.json,/home/jake/Developer/arc-analysis/DATA/ARC-1-TRAIN/72ca375d.json,/home/jake/Developer/arc-analysis/DATA/ARC-2-TRAIN/72ca375d.json,False,False,3,3,False,True,1,1,True,True,content_same_diff_train_order
7447852a.json,/home/jake/Developer/arc-analysis/DATA/ARC-1-TRAIN/7447852a.json,/home/jake/Developer/arc-analysis/DATA/ARC-2-TRAIN/7447852a.json,False,False,3,3,False,True,1,1,True,True,content_same_diff_train_order
7468f01a.json,/home/jake/Developer/arc-analysis/DATA/ARC-1-TRAIN/7468f01a.json,/home/jake/Developer/arc-analysis/DATA/ARC-2-TRAIN/7468f01a.json,False,False,3,3,False,True,1,1,True,True,content_same_diff_train_order
746b3537.json,/home/jake/Developer/arc-analysis/DATA/ARC-1-TRAIN/746b3537.json,/home/jake/Developer/arc-analysis/DATA/ARC-2-TRAIN/746b3537.json,False,False,5,5,False,True,1,1,True,True,content_same_diff_train_order
74dd1130.json,/home/jake/Developer/arc-analysis/DATA/ARC-1-TRAIN/74dd1130.json,/home/jake/Developer/arc-analysis/DATA/ARC-2-TRAIN/74dd1130.json,False,False,4,4,False,True,1,1,True,True,content_same_diff_train_order
75b8110e.json,/home/jake/Developer/arc-analysis/DATA/ARC-1-TRAIN/75b8110e.json,/home/jake/Developer/arc-analysis/DATA/ARC-2-TRAIN/75b8110e.json,False,False,5,5,False,True,1,1,True,True,content_same_diff_train_order
760b3cac.json,/home/jake/Developer/arc-analysis/DATA/ARC-1-TRAIN/760b3cac.json,/home/jake/Developer/arc-analysis/DATA/ARC-2-TRAIN/760b3cac.json,False,False,3,3,False,True,1,1,True,True,content_same_diff_train_order
776ffc46.json,/home/jake/Developer/arc-analysis/DATA/ARC-1-TRAIN/776ffc46.json,/home/jake/Developer/arc-analysis/DATA/ARC-2-TRAIN/776ffc46.json,False,False,4,4,False,True,1,1,True,True,content_same_diff_train_order
77fdfe62.json,/home/jake/Developer/arc-analysis/DATA/ARC-1-TRAIN/77fdfe62.json,/home/jake/Developer/arc-analysis/DATA/ARC-2-TRAIN/77fdfe62.json,False,False,3,3,False,True,1,1,True,True,content_same_diff_train_order
780d0b14.json,/home/jake/Developer/arc-analysis/DATA/ARC-1-TRAIN/780d0b14.json,/home/jake/Developer/arc-analysis/DATA/ARC-2-TRAIN/780d0b14.json,False,False,3,3,False,True,1,1,True,True,content_same_diff_train_order
7837ac64.json,/home/jake/Developer/arc-analysis/DATA/ARC-1-TRAIN/7837ac64.json,/home/jake/Developer/arc-analysis/DATA/ARC-2-TRAIN/7837ac64.json,False,False,4,4,False,True,1,1,True,True,content_same_diff_train_order
794b24be.json,/home/jake/Developer/arc-analysis/DATA/ARC-1-TRAIN/794b24be.json,/home/jake/Developer/arc-analysis/DATA/ARC-2-TRAIN/794b24be.json,False,False,10,10,False,True,2,2,False,True,content_same_order_insensitive
7b6016b9.json,/home/jake/Developer/arc-analysis/DATA/ARC-1-TRAIN/7b6016b9.json,/home/jake/Developer/arc-analysis/DATA/ARC-2-TRAIN/7b6016b9.json,False,False,3,3,False,True,1,1,True,True,content_same_diff_train_order
7b7f7511.json,/home/jake/Developer/arc-analysis/DATA/ARC-1-TRAIN/7b7f7511.json,/home/jake/Developer/arc-analysis/DATA/ARC-2-TRAIN/7b7f7511.json,False,False,3,3,False,True,1,1,True,True,content_same_diff_train_order
7c008303.json,/home/jake/Developer/arc-analysis/DATA/ARC-1-TRAIN/7c008303.json,/home/jake/Developer/arc-analysis/DATA/ARC-2-TRAIN/7c008303.json,False,False,3,3,False,True,1,1,True,True,content_same_diff_train_order
7ddcd7ec.json,/home/jake/Developer/arc-analysis/DATA/ARC-1-TRAIN/7ddcd7ec.json,/home/jake/Developer/arc-analysis/DATA/ARC-2-TRAIN/7ddcd7ec.json,False,False,3,3,False,True,1,1,True,True,content_same_diff_train_order
7df24a62.json,/home/jake/Developer/arc-analysis/DATA/ARC-1-TRAIN/7df24a62.json,/home/jake/Developer/arc-analysis/DATA/ARC-2-TRAIN/7df24a62.json,False,False,4,4,False,True,1,1,True,True,content_same_diff_train_order
7e0986d6.json,/home/jake/Developer/arc-analysis/DATA/ARC-1-TRAIN/7e0986d6.json,/home/jake/Developer/arc-analysis/DATA/ARC-2-TRAIN/7e0986d6.json,False,False,2,2,False,True,1,1,True,True,content_same_diff_train_order
7f4411dc.json,/home/jake/Developer/arc-analysis/DATA/ARC-1-TRAIN/7f4411dc.json,/home/jake/Developer/arc-analysis/DATA/ARC-2-TRAIN/7f4411dc.json,False,False,3,3,False,True,1,1,True,True,content_same_diff_train_order
7fe24cdd.json,/home/jake/Developer/arc-analysis/DATA/ARC-1-TRAIN/7fe24cdd.json,/home/jake/Developer/arc-analysis/DATA/ARC-2-TRAIN/7fe24cdd.json,False,False,3,3,False,True,1,1,True,True,content_same_diff_train_order
80af3007.json,/home/jake/Developer/arc-analysis/DATA/ARC-1-TRAIN/80af3007.json,/home/jake/Developer/arc-analysis/DATA/ARC-2-TRAIN/80af3007.json,False,False,3,3,False,True,1,1,True,True,content_same_diff_train_order
810b9b61.json,/home/jake/Developer/arc-analysis/DATA/ARC-1-TRAIN/810b9b61.json,/home/jake/Developer/arc-analysis/DATA/ARC-2-TRAIN/810b9b61.json,False,False,3,3,False,True,1,1,True,True,content_same_diff_train_order
82819916.json,/home/jake/Developer/arc-analysis/DATA/ARC-1-TRAIN/82819916.json,/home/jake/Developer/arc-analysis/DATA/ARC-2-TRAIN/82819916.json,False,False,4,4,False,True,1,1,True,True,content_same_diff_train_order
83302e8f.json,/home/jake/Developer/arc-analysis/DATA/ARC-1-TRAIN/83302e8f.json,/home/jake/Developer/arc-analysis/DATA/ARC-2-TRAIN/83302e8f.json,False,False,3,3,False,True,1,1,True,True,content_same_diff_train_order
834ec97d.json,/home/jake/Developer/arc-analysis/DATA/ARC-1-TRAIN/834ec97d.json,/home/jake/Developer/arc-analysis/DATA/ARC-2-TRAIN/834ec97d.json,False,False,3,3,False,True,1,1,True,True,content_same_diff_train_order
8403a5d5.json,/home/jake/Developer/arc-analysis/DATA/ARC-1-TRAIN/8403a5d5.json,/home/jake/Developer/arc-analysis/DATA/ARC-2-TRAIN/8403a5d5.json,False,False,3,3,False,True,1,1,True,True,content_same_diff_train_order
846bdb03.json,/home/jake/Developer/arc-analysis/DATA/ARC-1-TRAIN/846bdb03.json,/home/jake/Developer/arc-analysis/DATA/ARC-2-TRAIN/846bdb03.json,False,False,4,4,False,True,1,1,True,True,content_same_diff_train_order
855e0971.json,/home/jake/Developer/arc-analysis/DATA/ARC-1-TRAIN/855e0971.json,/home/jake/Developer/arc-analysis/DATA/ARC-2-TRAIN/855e0971.json,False,False,4,4,False,True,1,1,True,True,content_same_diff_train_order
85c4e7cd.json,/home/jake/Developer/arc-analysis/DATA/ARC-1-TRAIN/85c4e7cd.json,/home/jake/Developer/arc-analysis/DATA/ARC-2-TRAIN/85c4e7cd.json,False,False,4,4,False,True,1,1,True,True,content_same_diff_train_order
868de0fa.json,/home/jake/Developer/arc-analysis/DATA/ARC-1-TRAIN/868de0fa.json,/home/jake/Developer/arc-analysis/DATA/ARC-2-TRAIN/868de0fa.json,False,False,5,5,False,True,1,1,True,True,content_same_diff_train_order
8731374e.json,/home/jake/Developer/arc-analysis/DATA/ARC-1-TRAIN/8731374e.json,/home/jake/Developer/arc-analysis/DATA/ARC-2-TRAIN/8731374e.json,False,False,3,3,False,True,1,1,True,True,content_same_diff_train_order
88a10436.json,/home/jake/Developer/arc-analysis/DATA/ARC-1-TRAIN/88a10436.json,/home/jake/Developer/arc-analysis/DATA/ARC-2-TRAIN/88a10436.json,False,False,3,3,False,True,1,1,True,True,content_same_diff_train_order
88a62173.json,/home/jake/Developer/arc-analysis/DATA/ARC-1-TRAIN/88a62173.json,/home/jake/Developer/arc-analysis/DATA/ARC-2-TRAIN/88a62173.json,False,False,3,3,False,True,1,1,True,True,content_same_diff_train_order
890034e9.json,/home/jake/Developer/arc-analysis/DATA/ARC-1-TRAIN/890034e9.json,/home/jake/Developer/arc-analysis/DATA/ARC-2-TRAIN/890034e9.json,False,False,3,3,False,True,1,1,True,True,content_same_diff_train_order
8a004b2b.json,/home/jake/Developer/arc-analysis/DATA/ARC-1-TRAIN/8a004b2b.json,/home/jake/Developer/arc-analysis/DATA/ARC-2-TRAIN/8a004b2b.json,False,False,3,3,False,True,1,1,True,True,content_same_diff_train_order
8be77c9e.json,/home/jake/Developer/arc-analysis/DATA/ARC-1-TRAIN/8be77c9e.json,/home/jake/Developer/arc-analysis/DATA/ARC-2-TRAIN/8be77c9e.json,False,False,3,3,False,True,1,1,True,True,content_same_diff_train_order
8d5021e8.json,/home/jake/Developer/arc-analysis/DATA/ARC-1-TRAIN/8d5021e8.json,/home/jake/Developer/arc-analysis/DATA/ARC-2-TRAIN/8d5021e8.json,False,False,3,3,False,True,1,1,True,True,content_same_diff_train_order
8d510a79.json,/home/jake/Developer/arc-analysis/DATA/ARC-1-TRAIN/8d510a79.json,/home/jake/Developer/arc-analysis/DATA/ARC-2-TRAIN/8d510a79.json,False,False,2,2,False,True,1,1,True,True,content_same_diff_train_order
8e1813be.json,/home/jake/Developer/arc-analysis/DATA/ARC-1-TRAIN/8e1813be.json,/home/jake/Developer/arc-analysis/DATA/ARC-2-TRAIN/8e1813be.json,False,False,3,3,False,True,1,1,True,True,content_same_diff_train_order
8e5a5113.json,/home/jake/Developer/arc-analysis/DATA/ARC-1-TRAIN/8e5a5113.json,/home/jake/Developer/arc-analysis/DATA/ARC-2-TRAIN/8e5a5113.json,False,False,3,3,False,True,1,1,True,True,content_same_diff_train_order
8eb1be9a.json,/home/jake/Developer/arc-analysis/DATA/ARC-1-TRAIN/8eb1be9a.json,/home/jake/Developer/arc-analysis/DATA/ARC-2-TRAIN/8eb1be9a.json,False,False,2,2,False,True,1,1,True,True,content_same_diff_train_order
8efcae92.json,/home/jake/Developer/arc-analysis/DATA/ARC-1-TRAIN/8efcae92.json,/home/jake/Developer/arc-analysis/DATA/ARC-2-TRAIN/8efcae92.json,False,False,3,3,False,True,1,1,True,True,content_same_diff_train_order
8f2ea7aa.json,/home/jake/Developer/arc-analysis/DATA/ARC-1-TRAIN/8f2ea7aa.json,/home/jake/Developer/arc-analysis/DATA/ARC-2-TRAIN/8f2ea7aa.json,False,False,3,3,False,True,1,1,True,True,content_same_diff_train_order
90c28cc7.json,/home/jake/Developer/arc-analysis/DATA/ARC-1-TRAIN/90c28cc7.json,/home/jake/Developer/arc-analysis/DATA/ARC-2-TRAIN/90c28cc7.json,False,False,3,3,False,True,1,1,True,True,content_same_diff_train_order
90f3ed37.json,/home/jake/Developer/arc-analysis/DATA/ARC-1-TRAIN/90f3ed37.json,/home/jake/Developer/arc-analysis/DATA/ARC-2-TRAIN/90f3ed37.json,False,False,3,3,False,True,1,1,True,True,content_same_diff_train_order
913fb3ed.json,/home/jake/Developer/arc-analysis/DATA/ARC-1-TRAIN/913fb3ed.json,/home/jake/Developer/arc-analysis/DATA/ARC-2-TRAIN/913fb3ed.json,False,False,4,4,False,True,1,1,True,True,content_same_diff_train_order
91413438.json,/home/jake/Developer/arc-analysis/DATA/ARC-1-TRAIN/91413438.json,/home/jake/Developer/arc-analysis/DATA/ARC-2-TRAIN/91413438.json,False,False,4,4,False,True,1,1,True,True,content_same_diff_train_order
91714a58.json,/home/jake/Developer/arc-analysis/DATA/ARC-1-TRAIN/91714a58.json,/home/jake/Developer/arc-analysis/DATA/ARC-2-TRAIN/91714a58.json,False,False,3,3,False,True,1,1,True,True,content_same_diff_train_order
9172f3a0.json,/home/jake/Developer/arc-analysis/DATA/ARC-1-TRAIN/9172f3a0.json,/home/jake/Developer/arc-analysis/DATA/ARC-2-TRAIN/9172f3a0.json,False,False,2,2,False,True,1,1,True,True,content_same_diff_train_order
928ad970.json,/home/jake/Developer/arc-analysis/DATA/ARC-1-TRAIN/928ad970.json,/home/jake/Developer/arc-analysis/DATA/ARC-2-TRAIN/928ad970.json,False,False,3,3,False,True,1,1,True,True,content_same_diff_train_order
93b581b8.json,/home/jake/Developer/arc-analysis/DATA/ARC-1-TRAIN/93b581b8.json,/home/jake/Developer/arc-analysis/DATA/ARC-2-TRAIN/93b581b8.json,False,False,3,3,False,True,1,1,True,True,content_same_diff_train_order
941d9a10.json,/home/jake/Developer/arc-analysis/DATA/ARC-1-TRAIN/941d9a10.json,/home/jake/Developer/arc-analysis/DATA/ARC-2-TRAIN/941d9a10.json,False,False,3,3,False,True,1,1,True,True,content_same_diff_train_order
94f9d214.json,/home/jake/Developer/arc-analysis/DATA/ARC-1-TRAIN/94f9d214.json,/home/jake/Developer/arc-analysis/DATA/ARC-2-TRAIN/94f9d214.json,False,False,4,4,False,True,1,1,True,True,content_same_diff_train_order
952a094c.json,/home/jake/Developer/arc-analysis/DATA/ARC-1-TRAIN/952a094c.json,/home/jake/Developer/arc-analysis/DATA/ARC-2-TRAIN/952a094c.json,False,False,3,3,False,True,1,1,True,True,content_same_diff_train_order
9565186b.json,/home/jake/Developer/arc-analysis/DATA/ARC-1-TRAIN/9565186b.json,/home/jake/Developer/arc-analysis/DATA/ARC-2-TRAIN/9565186b.json,False,False,4,4,False,True,1,1,True,True,content_same_diff_train_order
95990924.json,/home/jake/Developer/arc-analysis/DATA/ARC-1-TRAIN/95990924.json,/home/jake/Developer/arc-analysis/DATA/ARC-2-TRAIN/95990924.json,False,False,3,3,False,True,1,1,True,True,content_same_diff_train_order
963e52fc.json,/home/jake/Developer/arc-analysis/DATA/ARC-1-TRAIN/963e52fc.json,/home/jake/Developer/arc-analysis/DATA/ARC-2-TRAIN/963e52fc.json,False,False,3,3,False,True,1,1,True,True,content_same_diff_train_order
97999447.json,/home/jake/Developer/arc-analysis/DATA/ARC-1-TRAIN/97999447.json,/home/jake/Developer/arc-analysis/DATA/ARC-2-TRAIN/97999447.json,False,False,3,3,False,True,1,1,True,True,content_same_diff_train_order
97a05b5b.json,/home/jake/Developer/arc-analysis/DATA/ARC-1-TRAIN/97a05b5b.json,/home/jake/Developer/arc-analysis/DATA/ARC-2-TRAIN/97a05b5b.json,False,False,3,3,False,True,1,1,True,True,content_same_diff_train_order
98cf29f8.json,/home/jake/Developer/arc-analysis/DATA/ARC-1-TRAIN/98cf29f8.json,/home/jake/Developer/arc-analysis/DATA/ARC-2-TRAIN/98cf29f8.json,False,False,3,3,False,True,1,1,True,True,content_same_diff_train_order
995c5fa3.json,/home/jake/Developer/arc-analysis/DATA/ARC-1-TRAIN/995c5fa3.json,/home/jake/Developer/arc-analysis/DATA/ARC-2-TRAIN/995c5fa3.json,False,False,4,4,False,True,1,1,True,True,content_same_diff_train_order
99b1bc43.json,/home/jake/Developer/arc-analysis/DATA/ARC-1-TRAIN/99b1bc43.json,/home/jake/Developer/arc-analysis/DATA/ARC-2-TRAIN/99b1bc43.json,False,False,4,4,False,True,1,1,True,True,content_same_diff_train_order
99fa7670.json,/home/jake/Developer/arc-analysis/DATA/ARC-1-TRAIN/99fa7670.json,/home/jake/Developer/arc-analysis/DATA/ARC-2-TRAIN/99fa7670.json,False,False,4,4,False,True,1,1,True,True,content_same_diff_train_order
9aec4887.json,/home/jake/Developer/arc-analysis/DATA/ARC-1-TRAIN/9aec4887.json,/home/jake/Developer/arc-analysis/DATA/ARC-2-TRAIN/9aec4887.json,False,False,3,3,False,True,1,1,True,True,content_same_diff_train_order
9af7a82c.json,/home/jake/Developer/arc-analysis/DATA/ARC-1-TRAIN/9af7a82c.json,/home/jake/Developer/arc-analysis/DATA/ARC-2-TRAIN/9af7a82c.json,False,False,4,4,False,True,1,1,True,True,content_same_diff_train_order
9d9215db.json,/home/jake/Developer/arc-analysis/DATA/ARC-1-TRAIN/9d9215db.json,/home/jake/Developer/arc-analysis/DATA/ARC-2-TRAIN/9d9215db.json,False,False,3,3,False,True,1,1,True,True,content_same_diff_train_order
9dfd6313.json,/home/jake/Developer/arc-analysis/DATA/ARC-1-TRAIN/9dfd6313.json,/home/jake/Developer/arc-analysis/DATA/ARC-2-TRAIN/9dfd6313.json,False,False,3,3,False,True,1,1,True,True,content_same_diff_train_order
9edfc990.json,/home/jake/Developer/arc-analysis/DATA/ARC-1-TRAIN/9edfc990.json,/home/jake/Developer/arc-analysis/DATA/ARC-2-TRAIN/9edfc990.json,False,False,3,3,False,True,1,1,True,True,content_same_diff_train_order
9f236235.json,/home/jake/Developer/arc-analysis/DATA/ARC-1-TRAIN/9f236235.json,/home/jake/Developer/arc-analysis/DATA/ARC-2-TRAIN/9f236235.json,False,False,3,3,False,True,1,1,True,True,content_same_diff_train_order
a1570a43.json,/home/jake/Developer/arc-analysis/DATA/ARC-1-TRAIN/a1570a43.json,/home/jake/Developer/arc-analysis/DATA/ARC-2-TRAIN/a1570a43.json,False,False,4,4,False,True,1,1,True,True,content_same_diff_train_order
a2fd1cf0.json,/home/jake/Developer/arc-analysis/DATA/ARC-1-TRAIN/a2fd1cf0.json,/home/jake/Developer/arc-analysis/DATA/ARC-2-TRAIN/a2fd1cf0.json,False,False,3,3,False,True,1,1,True,True,content_same_diff_train_order
a3325580.json,/home/jake/Developer/arc-analysis/DATA/ARC-1-TRAIN/a3325580.json,/home/jake/Developer/arc-analysis/DATA/ARC-2-TRAIN/a3325580.json,False,False,6,6,False,True,1,1,True,True,content_same_diff_train_order
a416b8f3.json,/home/jake/Developer/arc-analysis/DATA/ARC-1-TRAIN/a416b8f3.json,/home/jake/Developer/arc-analysis/DATA/ARC-2-TRAIN/a416b8f3.json,False,False,3,3,False,True,1,1,True,True,content_same_diff_train_order
a48eeaf7.json,/home/jake/Developer/arc-analysis/DATA/ARC-1-TRAIN/a48eeaf7.json,/home/jake/Developer/arc-analysis/DATA/ARC-2-TRAIN/a48eeaf7.json,False,False,2,2,False,True,1,1,True,True,content_same_diff_train_order
a5313dff.json,/home/jake/Developer/arc-analysis/DATA/ARC-1-TRAIN/a5313dff.json,/home/jake/Developer/arc-analysis/DATA/ARC-2-TRAIN/a5313dff.json,False,False,3,3,False,True,1,1,True,True,content_same_diff_train_order
a5f85a15.json,/home/jake/Developer/arc-analysis/DATA/ARC-1-TRAIN/a5f85a15.json,/home/jake/Developer/arc-analysis/DATA/ARC-2-TRAIN/a5f85a15.json,False,False,3,3,False,True,1,1,True,True,content_same_diff_train_order
a61ba2ce.json,/home/jake/Developer/arc-analysis/DATA/ARC-1-TRAIN/a61ba2ce.json,/home/jake/Developer/arc-analysis/DATA/ARC-2-TRAIN/a61ba2ce.json,False,False,2,2,False,True,1,1,True,True,content_same_diff_train_order
a61f2674.json,/home/jake/Developer/arc-analysis/DATA/ARC-1-TRAIN/a61f2674.json,/home/jake/Developer/arc-analysis/DATA/ARC-2-TRAIN/a61f2674.json,False,False,2,2,False,True,1,1,True,True,content_same_diff_train_order
a64e4611.json,/home/jake/Developer/arc-analysis/DATA/ARC-1-TRAIN/a64e4611.json,/home/jake/Developer/arc-analysis/DATA/ARC-2-TRAIN/a64e4611.json,False,False,3,3,False,True,1,1,True,True,content_same_diff_train_order
a65b410d.json,/home/jake/Developer/arc-analysis/DATA/ARC-1-TRAIN/a65b410d.json,/home/jake/Developer/arc-analysis/DATA/ARC-2-TRAIN/a65b410d.json,False,False,3,3,False,True,1,1,True,True,content_same_diff_train_order
a68b268e.json,/home/jake/Developer/arc-analysis/DATA/ARC-1-TRAIN/a68b268e.json,/home/jake/Developer/arc-analysis/DATA/ARC-2-TRAIN/a68b268e.json,False,False,6,6,False,True,1,1,True,True,content_same_diff_train_order
a699fb00.json,/home/jake/Developer/arc-analysis/DATA/ARC-1-TRAIN/a699fb00.json,/home/jake/Developer/arc-analysis/DATA/ARC-2-TRAIN/a699fb00.json,False,False,3,3,False,True,1,1,True,True,content_same_diff_train_order
a740d043.json,/home/jake/Developer/arc-analysis/DATA/ARC-1-TRAIN/a740d043.json,/home/jake/Developer/arc-analysis/DATA/ARC-2-TRAIN/a740d043.json,False,False,3,3,False,True,1,1,True,True,content_same_diff_train_order
a78176bb.json,/home/jake/Developer/arc-analysis/DATA/ARC-1-TRAIN/a78176bb.json,/home/jake/Developer/arc-analysis/DATA/ARC-2-TRAIN/a78176bb.json,False,False,3,3,False,True,1,1,True,True,content_same_diff_train_order
a79310a0.json,/home/jake/Developer/arc-analysis/DATA/ARC-1-TRAIN/a79310a0.json,/home/jake/Developer/arc-analysis/DATA/ARC-2-TRAIN/a79310a0.json,False,False,3,3,False,True,1,1,True,True,content_same_diff_train_order
a85d4709.json,/home/jake/Developer/arc-analysis/DATA/ARC-1-TRAIN/a85d4709.json,/home/jake/Developer/arc-analysis/DATA/ARC-2-TRAIN/a85d4709.json,False,False,4,4,False,True,1,1,True,True,content_same_diff_train_order
a87f7484.json,/home/jake/Developer/arc-analysis/DATA/ARC-1-TRAIN/a87f7484.json,/home/jake/Developer/arc-analysis/DATA/ARC-2-TRAIN/a87f7484.json,False,False,4,4,False,True,1,1,True,True,content_same_diff_train_order
a8c38be5.json,/home/jake/Developer/arc-analysis/DATA/ARC-1-TRAIN/a8c38be5.json,/home/jake/Developer/arc-analysis/DATA/ARC-2-TRAIN/a8c38be5.json,False,False,2,2,False,True,1,1,True,True,content_same_diff_train_order
a8d7556c.json,/home/jake/Developer/arc-analysis/DATA/ARC-1-TRAIN/a8d7556c.json,/home/jake/Developer/arc-analysis/DATA/ARC-2-TRAIN/a8d7556c.json,False,False,3,3,False,True,1,1,True,True,content_same_diff_train_order
a9f96cdd.json,/home/jake/Developer/arc-analysis/DATA/ARC-1-TRAIN/a9f96cdd.json,/home/jake/Developer/arc-analysis/DATA/ARC-2-TRAIN/a9f96cdd.json,False,False,4,4,False,True,1,1,True,True,content_same_diff_train_order
aabf363d.json,/home/jake/Developer/arc-analysis/DATA/ARC-1-TRAIN/aabf363d.json,/home/jake/Developer/arc-analysis/DATA/ARC-2-TRAIN/aabf363d.json,False,False,2,2,False,True,1,1,True,True,content_same_diff_train_order
aba27056.json,/home/jake/Developer/arc-analysis/DATA/ARC-1-TRAIN/aba27056.json,/home/jake/Developer/arc-analysis/DATA/ARC-2-TRAIN/aba27056.json,False,False,3,3,False,True,1,1,True,True,content_same_diff_train_order
ac0a08a4.json,/home/jake/Developer/arc-analysis/DATA/ARC-1-TRAIN/ac0a08a4.json,/home/jake/Developer/arc-analysis/DATA/ARC-2-TRAIN/ac0a08a4.json,False,False,3,3,False,True,1,1,True,True,content_same_diff_train_order
ae3edfdc.json,/home/jake/Developer/arc-analysis/DATA/ARC-1-TRAIN/ae3edfdc.json,/home/jake/Developer/arc-analysis/DATA/ARC-2-TRAIN/ae3edfdc.json,False,False,3,3,False,True,1,1,True,True,content_same_diff_train_order
ae4f1146.json,/home/jake/Developer/arc-analysis/DATA/ARC-1-TRAIN/ae4f1146.json,/home/jake/Developer/arc-analysis/DATA/ARC-2-TRAIN/ae4f1146.json,False,False,4,4,False,True,1,1,True,True,content_same_diff_train_order
aedd82e4.json,/home/jake/Developer/arc-analysis/DATA/ARC-1-TRAIN/aedd82e4.json,/home/jake/Developer/arc-analysis/DATA/ARC-2-TRAIN/aedd82e4.json,False,False,4,4,False,True,1,1,True,True,content_same_diff_train_order
af902bf9.json,/home/jake/Developer/arc-analysis/DATA/ARC-1-TRAIN/af902bf9.json,/home/jake/Developer/arc-analysis/DATA/ARC-2-TRAIN/af902bf9.json,False,False,3,3,False,True,1,1,True,True,content_same_diff_train_order
b0c4d837.json,/home/jake/Developer/arc-analysis/DATA/ARC-1-TRAIN/b0c4d837.json,/home/jake/Developer/arc-analysis/DATA/ARC-2-TRAIN/b0c4d837.json,False,False,6,6,False,True,1,1,True,True,content_same_diff_train_order
b190f7f5.json,/home/jake/Developer/arc-analysis/DATA/ARC-1-TRAIN/b190f7f5.json,/home/jake/Developer/arc-analysis/DATA/ARC-2-TRAIN/b190f7f5.json,False,False,3,3,False,True,1,1,True,True,content_same_diff_train_order
b1948b0a.json,/home/jake/Developer/arc-analysis/DATA/ARC-1-TRAIN/b1948b0a.json,/home/jake/Developer/arc-analysis/DATA/ARC-2-TRAIN/b1948b0a.json,False,False,3,3,False,True,1,1,True,True,content_same_diff_train_order
b230c067.json,/home/jake/Developer/arc-analysis/DATA/ARC-1-TRAIN/b230c067.json,/home/jake/Developer/arc-analysis/DATA/ARC-2-TRAIN/b230c067.json,False,False,3,3,False,True,1,1,True,True,content_same_diff_train_order
b27ca6d3.json,/home/jake/Developer/arc-analysis/DATA/ARC-1-TRAIN/b27ca6d3.json,/home/jake/Developer/arc-analysis/DATA/ARC-2-TRAIN/b27ca6d3.json,False,False,2,2,False,True,1,1,True,True,content_same_diff_train_order
b2862040.json,/home/jake/Developer/arc-analysis/DATA/ARC-1-TRAIN/b2862040.json,/home/jake/Developer/arc-analysis/DATA/ARC-2-TRAIN/b2862040.json,False,False,4,4,False,True,1,1,True,True,content_same_diff_train_order
b527c5c6.json,/home/jake/Developer/arc-analysis/DATA/ARC-1-TRAIN/b527c5c6.json,/home/jake/Developer/arc-analysis/DATA/ARC-2-TRAIN/b527c5c6.json,False,False,4,4,False,True,1,1,True,True,content_same_diff_train_order
b548a754.json,/home/jake/Developer/arc-analysis/DATA/ARC-1-TRAIN/b548a754.json,/home/jake/Developer/arc-analysis/DATA/ARC-2-TRAIN/b548a754.json,False,False,3,3,False,True,1,1,True,True,content_same_diff_train_order
b60334d2.json,/home/jake/Developer/arc-analysis/DATA/ARC-1-TRAIN/b60334d2.json,/home/jake/Developer/arc-analysis/DATA/ARC-2-TRAIN/b60334d2.json,False,False,2,2,False,True,1,1,True,True,content_same_diff_train_order
b6afb2da.json,/home/jake/Developer/arc-analysis/DATA/ARC-1-TRAIN/b6afb2da.json,/home/jake/Developer/arc-analysis/DATA/ARC-2-TRAIN/b6afb2da.json,False,False,2,2,False,True,1,1,True,True,content_same_diff_train_order
b7249182.json,/home/jake/Developer/arc-analysis/DATA/ARC-1-TRAIN/b7249182.json,/home/jake/Developer/arc-analysis/DATA/ARC-2-TRAIN/b7249182.json,False,False,3,3,False,True,1,1,True,True,content_same_diff_train_order
b775ac94.json,/home/jake/Developer/arc-analysis/DATA/ARC-1-TRAIN/b775ac94.json,/home/jake/Developer/arc-analysis/DATA/ARC-2-TRAIN/b775ac94.json,False,False,3,3,False,True,1,1,True,True,content_same_diff_train_order
b782dc8a.json,/home/jake/Developer/arc-analysis/DATA/ARC-1-TRAIN/b782dc8a.json,/home/jake/Developer/arc-analysis/DATA/ARC-2-TRAIN/b782dc8a.json,False,False,2,2,False,True,1,1,True,True,content_same_diff_train_order
b8825c91.json,/home/jake/Developer/arc-analysis/DATA/ARC-1-TRAIN/b8825c91.json,/home/jake/Developer/arc-analysis/DATA/ARC-2-TRAIN/b8825c91.json,False,False,4,4,False,True,1,1,True,True,content_same_diff_train_order
b8cdaf2b.json,/home/jake/Developer/arc-analysis/DATA/ARC-1-TRAIN/b8cdaf2b.json,/home/jake/Developer/arc-analysis/DATA/ARC-2-TRAIN/b8cdaf2b.json,False,False,4,4,False,True,1,1,True,True,content_same_diff_train_order
b91ae062.json,/home/jake/Developer/arc-analysis/DATA/ARC-1-TRAIN/b91ae062.json,/home/jake/Developer/arc-analysis/DATA/ARC-2-TRAIN/b91ae062.json,False,False,5,5,False,True,1,1,True,True,content_same_diff_train_order
b94a9452.json,/home/jake/Developer/arc-analysis/DATA/ARC-1-TRAIN/b94a9452.json,/home/jake/Developer/arc-analysis/DATA/ARC-2-TRAIN/b94a9452.json,False,False,3,3,False,True,1,1,True,True,content_same_diff_train_order
b9b7f026.json,/home/jake/Developer/arc-analysis/DATA/ARC-1-TRAIN/b9b7f026.json,/home/jake/Developer/arc-analysis/DATA/ARC-2-TRAIN/b9b7f026.json,False,False,3,3,False,True,1,1,True,True,content_same_diff_train_order
ba26e723.json,/home/jake/Developer/arc-analysis/DATA/ARC-1-TRAIN/ba26e723.json,/home/jake/Developer/arc-analysis/DATA/ARC-2-TRAIN/ba26e723.json,False,False,5,5,False,True,1,1,True,True,content_same_diff_train_order
ba97ae07.json,/home/jake/Developer/arc-analysis/DATA/ARC-1-TRAIN/ba97ae07.json,/home/jake/Developer/arc-analysis/DATA/ARC-2-TRAIN/ba97ae07.json,False,False,4,4,False,True,1,1,True,True,content_same_diff_train_order
bb43febb.json,/home/jake/Developer/arc-analysis/DATA/ARC-1-TRAIN/bb43febb.json,/home/jake/Developer/arc-analysis/DATA/ARC-2-TRAIN/bb43febb.json,False,False,2,2,False,True,1,1,True,True,content_same_diff_train_order
bbc9ae5d.json,/home/jake/Developer/arc-analysis/DATA/ARC-1-TRAIN/bbc9ae5d.json,/home/jake/Developer/arc-analysis/DATA/ARC-2-TRAIN/bbc9ae5d.json,False,False,5,5,False,True,1,1,True,True,content_same_diff_train_order
bc1d5164.json,/home/jake/Developer/arc-analysis/DATA/ARC-1-TRAIN/bc1d5164.json,/home/jake/Developer/arc-analysis/DATA/ARC-2-TRAIN/bc1d5164.json,False,False,5,5,False,True,1,1,True,True,content_same_diff_train_order
bd4472b8.json,/home/jake/Developer/arc-analysis/DATA/ARC-1-TRAIN/bd4472b8.json,/home/jake/Developer/arc-analysis/DATA/ARC-2-TRAIN/bd4472b8.json,False,False,3,3,False,True,1,1,True,True,content_same_diff_train_order
bda2d7a6.json,/home/jake/Developer/arc-analysis/DATA/ARC-1-TRAIN/bda2d7a6.json,/home/jake/Developer/arc-analysis/DATA/ARC-2-TRAIN/bda2d7a6.json,False,False,3,3,False,True,2,2,False,True,content_same_order_insensitive
bdad9b1f.json,/home/jake/Developer/arc-analysis/DATA/ARC-1-TRAIN/bdad9b1f.json,/home/jake/Developer/arc-analysis/DATA/ARC-2-TRAIN/bdad9b1f.json,False,False,2,2,False,True,1,1,True,True,content_same_diff_train_order
be94b721.json,/home/jake/Developer/arc-analysis/DATA/ARC-1-TRAIN/be94b721.json,/home/jake/Developer/arc-analysis/DATA/ARC-2-TRAIN/be94b721.json,False,False,4,4,False,True,1,1,True,True,content_same_diff_train_order
beb8660c.json,/home/jake/Developer/arc-analysis/DATA/ARC-1-TRAIN/beb8660c.json,/home/jake/Developer/arc-analysis/DATA/ARC-2-TRAIN/beb8660c.json,False,False,3,3,False,True,1,1,True,True,content_same_diff_train_order
c0f76784.json,/home/jake/Developer/arc-analysis/DATA/ARC-1-TRAIN/c0f76784.json,/home/jake/Developer/arc-analysis/DATA/ARC-2-TRAIN/c0f76784.json,False,False,3,3,False,True,1,1,True,True,content_same_diff_train_order
c1d99e64.json,/home/jake/Developer/arc-analysis/DATA/ARC-1-TRAIN/c1d99e64.json,/home/jake/Developer/arc-analysis/DATA/ARC-2-TRAIN/c1d99e64.json,False,False,3,3,False,True,1,1,True,True,content_same_diff_train_order
c3e719e8.json,/home/jake/Developer/arc-analysis/DATA/ARC-1-TRAIN/c3e719e8.json,/home/jake/Developer/arc-analysis/DATA/ARC-2-TRAIN/c3e719e8.json,False,False,3,3,False,True,1,1,True,True,content_same_diff_train_order
c444b776.json,/home/jake/Developer/arc-analysis/DATA/ARC-1-TRAIN/c444b776.json,/home/jake/Developer/arc-analysis/DATA/ARC-2-TRAIN/c444b776.json,False,False,2,2,False,True,1,1,True,True,content_same_diff_train_order
c59eb873.json,/home/jake/Developer/arc-analysis/DATA/ARC-1-TRAIN/c59eb873.json,/home/jake/Developer/arc-analysis/DATA/ARC-2-TRAIN/c59eb873.json,False,False,3,3,False,True,1,1,True,True,content_same_diff_train_order
c8cbb738.json,/home/jake/Developer/arc-analysis/DATA/ARC-1-TRAIN/c8cbb738.json,/home/jake/Developer/arc-analysis/DATA/ARC-2-TRAIN/c8cbb738.json,False,False,3,3,False,True,1,1,True,True,content_same_diff_train_order
c8f0f002.json,/home/jake/Developer/arc-analysis/DATA/ARC-1-TRAIN/c8f0f002.json,/home/jake/Developer/arc-analysis/DATA/ARC-2-TRAIN/c8f0f002.json,False,False,3,3,False,True,1,1,True,True,content_same_diff_train_order
c909285e.json,/home/jake/Developer/arc-analysis/DATA/ARC-1-TRAIN/c909285e.json,/home/jake/Developer/arc-analysis/DATA/ARC-2-TRAIN/c909285e.json,False,False,3,3,False,True,1,1,True,True,content_same_diff_train_order
c9e6f938.json,/home/jake/Developer/arc-analysis/DATA/ARC-1-TRAIN/c9e6f938.json,/home/jake/Developer/arc-analysis/DATA/ARC-2-TRAIN/c9e6f938.json,False,False,3,3,False,True,1,1,True,True,content_same_diff_train_order
c9f8e694.json,/home/jake/Developer/arc-analysis/DATA/ARC-1-TRAIN/c9f8e694.json,/home/jake/Developer/arc-analysis/DATA/ARC-2-TRAIN/c9f8e694.json,False,False,2,2,False,True,1,1,True,True,content_same_diff_train_order
caa06a1f.json,/home/jake/Developer/arc-analysis/DATA/ARC-1-TRAIN/caa06a1f.json,/home/jake/Developer/arc-analysis/DATA/ARC-2-TRAIN/caa06a1f.json,False,False,3,3,False,True,1,1,True,True,content_same_diff_train_order
cbded52d.json,/home/jake/Developer/arc-analysis/DATA/ARC-1-TRAIN/cbded52d.json,/home/jake/Developer/arc-analysis/DATA/ARC-2-TRAIN/cbded52d.json,False,False,3,3,False,True,1,1,True,True,content_same_diff_train_order
cce03e0d.json,/home/jake/Developer/arc-analysis/DATA/ARC-1-TRAIN/cce03e0d.json,/home/jake/Developer/arc-analysis/DATA/ARC-2-TRAIN/cce03e0d.json,False,False,3,3,False,True,1,1,True,True,content_same_diff_train_order
cdecee7f.json,/home/jake/Developer/arc-analysis/DATA/ARC-1-TRAIN/cdecee7f.json,/home/jake/Developer/arc-analysis/DATA/ARC-2-TRAIN/cdecee7f.json,False,False,3,3,False,True,1,1,True,True,content_same_diff_train_order
ce22a75a.json,/home/jake/Developer/arc-analysis/DATA/ARC-1-TRAIN/ce22a75a.json,/home/jake/Developer/arc-analysis/DATA/ARC-2-TRAIN/ce22a75a.json,False,False,2,2,False,True,1,1,True,True,content_same_diff_train_order
ce4f8723.json,/home/jake/Developer/arc-analysis/DATA/ARC-1-TRAIN/ce4f8723.json,/home/jake/Developer/arc-analysis/DATA/ARC-2-TRAIN/ce4f8723.json,False,False,4,4,False,True,1,1,True,True,content_same_diff_train_order
ce602527.json,/home/jake/Developer/arc-analysis/DATA/ARC-1-TRAIN/ce602527.json,/home/jake/Developer/arc-analysis/DATA/ARC-2-TRAIN/ce602527.json,False,False,4,4,False,True,1,1,True,True,content_same_diff_train_order
ce9e57f2.json,/home/jake/Developer/arc-analysis/DATA/ARC-1-TRAIN/ce9e57f2.json,/home/jake/Developer/arc-analysis/DATA/ARC-2-TRAIN/ce9e57f2.json,False,False,3,3,False,True,1,1,True,True,content_same_diff_train_order
cf98881b.json,/home/jake/Developer/arc-analysis/DATA/ARC-1-TRAIN/cf98881b.json,/home/jake/Developer/arc-analysis/DATA/ARC-2-TRAIN/cf98881b.json,False,False,5,5,False,True,1,1,True,True,content_same_diff_train_order
d037b0a7.json,/home/jake/Developer/arc-analysis/DATA/ARC-1-TRAIN/d037b0a7.json,/home/jake/Developer/arc-analysis/DATA/ARC-2-TRAIN/d037b0a7.json,False,False,3,3,False,True,1,1,True,True,content_same_diff_train_order
d06dbe63.json,/home/jake/Developer/arc-analysis/DATA/ARC-1-TRAIN/d06dbe63.json,/home/jake/Developer/arc-analysis/DATA/ARC-2-TRAIN/d06dbe63.json,False,False,2,2,False,True,1,1,True,True,content_same_diff_train_order
d07ae81c.json,/home/jake/Developer/arc-analysis/DATA/ARC-1-TRAIN/d07ae81c.json,/home/jake/Developer/arc-analysis/DATA/ARC-2-TRAIN/d07ae81c.json,False,False,3,3,False,True,1,1,True,True,content_same_diff_train_order
d0f5fe59.json,/home/jake/Developer/arc-analysis/DATA/ARC-1-TRAIN/d0f5fe59.json,/home/jake/Developer/arc-analysis/DATA/ARC-2-TRAIN/d0f5fe59.json,False,False,3,3,False,True,1,1,True,True,content_same_diff_train_order
d10ecb37.json,/home/jake/Developer/arc-analysis/DATA/ARC-1-TRAIN/d10ecb37.json,/home/jake/Developer/arc-analysis/DATA/ARC-2-TRAIN/d10ecb37.json,False,False,3,3,False,True,1,1,True,True,content_same_diff_train_order
d13f3404.json,/home/jake/Developer/arc-analysis/DATA/ARC-1-TRAIN/d13f3404.json,/home/jake/Developer/arc-analysis/DATA/ARC-2-TRAIN/d13f3404.json,False,False,3,3,False,True,1,1,True,True,content_same_diff_train_order
d22278a0.json,/home/jake/Developer/arc-analysis/DATA/ARC-1-TRAIN/d22278a0.json,/home/jake/Developer/arc-analysis/DATA/ARC-2-TRAIN/d22278a0.json,False,False,4,4,False,True,1,1,True,True,content_same_diff_train_order
d23f8c26.json,/home/jake/Developer/arc-analysis/DATA/ARC-1-TRAIN/d23f8c26.json,/home/jake/Developer/arc-analysis/DATA/ARC-2-TRAIN/d23f8c26.json,False,False,3,3,False,True,1,1,True,True,content_same_diff_train_order
d2abd087.json,/home/jake/Developer/arc-analysis/DATA/ARC-1-TRAIN/d2abd087.json,/home/jake/Developer/arc-analysis/DATA/ARC-2-TRAIN/d2abd087.json,False,False,3,3,False,True,1,1,True,True,content_same_diff_train_order
d364b489.json,/home/jake/Developer/arc-analysis/DATA/ARC-1-TRAIN/d364b489.json,/home/jake/Developer/arc-analysis/DATA/ARC-2-TRAIN/d364b489.json,False,False,2,2,False,True,1,1,True,True,content_same_diff_train_order
d406998b.json,/home/jake/Developer/arc-analysis/DATA/ARC-1-TRAIN/d406998b.json,/home/jake/Developer/arc-analysis/DATA/ARC-2-TRAIN/d406998b.json,False,False,4,4,False,True,1,1,True,True,content_same_diff_train_order
d43fd935.json,/home/jake/Developer/arc-analysis/DATA/ARC-1-TRAIN/d43fd935.json,/home/jake/Developer/arc-analysis/DATA/ARC-2-TRAIN/d43fd935.json,False,False,3,3,False,True,1,1,True,True,content_same_diff_train_order
d4469b4b.json,/home/jake/Developer/arc-analysis/DATA/ARC-1-TRAIN/d4469b4b.json,/home/jake/Developer/arc-analysis/DATA/ARC-2-TRAIN/d4469b4b.json,False,False,7,7,False,True,2,2,False,True,content_same_order_insensitive
d4a91cb9.json,/home/jake/Developer/arc-analysis/DATA/ARC-1-TRAIN/d4a91cb9.json,/home/jake/Developer/arc-analysis/DATA/ARC-2-TRAIN/d4a91cb9.json,False,False,3,3,False,True,1,1,True,True,content_same_diff_train_order
d4f3cd78.json,/home/jake/Developer/arc-analysis/DATA/ARC-1-TRAIN/d4f3cd78.json,/home/jake/Developer/arc-analysis/DATA/ARC-2-TRAIN/d4f3cd78.json,False,False,2,2,False,True,1,1,True,True,content_same_diff_train_order
d511f180.json,/home/jake/Developer/arc-analysis/DATA/ARC-1-TRAIN/d511f180.json,/home/jake/Developer/arc-analysis/DATA/ARC-2-TRAIN/d511f180.json,False,False,3,3,False,True,1,1,True,True,content_same_diff_train_order
d5d6de2d.json,/home/jake/Developer/arc-analysis/DATA/ARC-1-TRAIN/d5d6de2d.json,/home/jake/Developer/arc-analysis/DATA/ARC-2-TRAIN/d5d6de2d.json,False,False,3,3,False,True,2,2,False,True,content_same_order_insensitive
d631b094.json,/home/jake/Developer/arc-analysis/DATA/ARC-1-TRAIN/d631b094.json,/home/jake/Developer/arc-analysis/DATA/ARC-2-TRAIN/d631b094.json,False,False,4,4,False,True,1,1,True,True,content_same_diff_train_order
d687bc17.json,/home/jake/Developer/arc-analysis/DATA/ARC-1-TRAIN/d687bc17.json,/home/jake/Developer/arc-analysis/DATA/ARC-2-TRAIN/d687bc17.json,False,False,3,3,False,True,1,1,True,True,content_same_diff_train_order
d6ad076f.json,/home/jake/Developer/arc-analysis/DATA/ARC-1-TRAIN/d6ad076f.json,/home/jake/Developer/arc-analysis/DATA/ARC-2-TRAIN/d6ad076f.json,False,False,3,3,False,True,1,1,True,True,content_same_diff_train_order
d89b689b.json,/home/jake/Developer/arc-analysis/DATA/ARC-1-TRAIN/d89b689b.json,/home/jake/Developer/arc-analysis/DATA/ARC-2-TRAIN/d89b689b.json,False,False,3,3,False,True,1,1,True,True,content_same_diff_train_order
d8c310e9.json,/home/jake/Developer/arc-analysis/DATA/ARC-1-TRAIN/d8c310e9.json,/home/jake/Developer/arc-analysis/DATA/ARC-2-TRAIN/d8c310e9.json,False,False,3,3,False,True,1,1,True,True,content_same_diff_train_order
d90796e8.json,/home/jake/Developer/arc-analysis/DATA/ARC-1-TRAIN/d90796e8.json,/home/jake/Developer/arc-analysis/DATA/ARC-2-TRAIN/d90796e8.json,False,False,3,3,False,True,1,1,True,True,content_same_diff_train_order
d9f24cd1.json,/home/jake/Developer/arc-analysis/DATA/ARC-1-TRAIN/d9f24cd1.json,/home/jake/Developer/arc-analysis/DATA/ARC-2-TRAIN/d9f24cd1.json,False,False,2,2,False,True,1,1,True,True,content_same_diff_train_order
d9fac9be.json,/home/jake/Developer/arc-analysis/DATA/ARC-1-TRAIN/d9fac9be.json,/home/jake/Developer/arc-analysis/DATA/ARC-2-TRAIN/d9fac9be.json,False,False,4,4,False,True,1,1,True,True,content_same_diff_train_order
dae9d2b5.json,/home/jake/Developer/arc-analysis/DATA/ARC-1-TRAIN/dae9d2b5.json,/home/jake/Developer/arc-analysis/DATA/ARC-2-TRAIN/dae9d2b5.json,False,False,5,5,False,True,2,2,False,True,content_same_order_insensitive
db3e9e38.json,/home/jake/Developer/arc-analysis/DATA/ARC-1-TRAIN/db3e9e38.json,/home/jake/Developer/arc-analysis/DATA/ARC-2-TRAIN/db3e9e38.json,False,False,2,2,False,True,1,1,True,True,content_same_diff_train_order
db93a21d.json,/home/jake/Developer/arc-analysis/DATA/ARC-1-TRAIN/db93a21d.json,/home/jake/Developer/arc-analysis/DATA/ARC-2-TRAIN/db93a21d.json,False,False,4,4,False,True,1,1,True,True,content_same_diff_train_order
dbc1a6ce.json,/home/jake/Developer/arc-analysis/DATA/ARC-1-TRAIN/dbc1a6ce.json,/home/jake/Developer/arc-analysis/DATA/ARC-2-TRAIN/dbc1a6ce.json,False,False,4,4,False,True,1,1,True,True,content_same_diff_train_order
dc1df850.json,/home/jake/Developer/arc-analysis/DATA/ARC-1-TRAIN/dc1df850.json,/home/jake/Developer/arc-analysis/DATA/ARC-2-TRAIN/dc1df850.json,False,False,3,3,False,True,1,1,True,True,content_same_diff_train_order
dc433765.json,/home/jake/Developer/arc-analysis/DATA/ARC-1-TRAIN/dc433765.json,/home/jake/Developer/arc-analysis/DATA/ARC-2-TRAIN/dc433765.json,False,False,7,7,False,True,2,2,False,True,content_same_order_insensitive
ddf7fa4f.json,/home/jake/Developer/arc-analysis/DATA/ARC-1-TRAIN/ddf7fa4f.json,/home/jake/Developer/arc-analysis/DATA/ARC-2-TRAIN/ddf7fa4f.json,False,False,3,3,False,True,1,1,True,True,content_same_diff_train_order
de1cd16c.json,/home/jake/Developer/arc-analysis/DATA/ARC-1-TRAIN/de1cd16c.json,/home/jake/Developer/arc-analysis/DATA/ARC-2-TRAIN/de1cd16c.json,False,False,4,4,False,True,1,1,True,True,content_same_diff_train_order
ded97339.json,/home/jake/Developer/arc-analysis/DATA/ARC-1-TRAIN/ded97339.json,/home/jake/Developer/arc-analysis/DATA/ARC-2-TRAIN/ded97339.json,False,False,3,3,False,True,1,1,True,True,content_same_diff_train_order
e179c5f4.json,/home/jake/Developer/arc-analysis/DATA/ARC-1-TRAIN/e179c5f4.json,/home/jake/Developer/arc-analysis/DATA/ARC-2-TRAIN/e179c5f4.json,False,False,3,3,False,True,1,1,True,True,content_same_diff_train_order
e21d9049.json,/home/jake/Developer/arc-analysis/DATA/ARC-1-TRAIN/e21d9049.json,/home/jake/Developer/arc-analysis/DATA/ARC-2-TRAIN/e21d9049.json,False,False,2,2,False,True,1,1,True,True,content_same_diff_train_order
e26a3af2.json,/home/jake/Developer/arc-analysis/DATA/ARC-1-TRAIN/e26a3af2.json,/home/jake/Developer/arc-analysis/DATA/ARC-2-TRAIN/e26a3af2.json,False,False,3,3,False,True,1,1,True,True,content_same_diff_train_order
e3497940.json,/home/jake/Developer/arc-analysis/DATA/ARC-1-TRAIN/e3497940.json,/home/jake/Developer/arc-analysis/DATA/ARC-2-TRAIN/e3497940.json,False,False,3,3,False,True,1,1,True,True,content_same_diff_train_order
e40b9e2f.json,/home/jake/Developer/arc-analysis/DATA/ARC-1-TRAIN/e40b9e2f.json,/home/jake/Developer/arc-analysis/DATA/ARC-2-TRAIN/e40b9e2f.json,False,False,3,3,False,True,1,1,True,True,content_same_diff_train_order
e48d4e1a.json,/home/jake/Developer/arc-analysis/DATA/ARC-1-TRAIN/e48d4e1a.json,/home/jake/Developer/arc-analysis/DATA/ARC-2-TRAIN/e48d4e1a.json,False,False,4,4,False,True,1,1,True,True,content_same_diff_train_order
e5062a87.json,/home/jake/Developer/arc-analysis/DATA/ARC-1-TRAIN/e5062a87.json,/home/jake/Developer/arc-analysis/DATA/ARC-2-TRAIN/e5062a87.json,False,False,3,3,False,True,1,1,True,True,content_same_diff_train_order
e509e548.json,/home/jake/Developer/arc-analysis/DATA/ARC-1-TRAIN/e509e548.json,/home/jake/Developer/arc-analysis/DATA/ARC-2-TRAIN/e509e548.json,False,False,3,3,False,True,1,1,True,True,content_same_diff_train_order
e50d258f.json,/home/jake/Developer/arc-analysis/DATA/ARC-1-TRAIN/e50d258f.json,/home/jake/Developer/arc-analysis/DATA/ARC-2-TRAIN/e50d258f.json,False,False,3,3,False,True,1,1,True,True,content_same_diff_train_order
e6721834.json,/home/jake/Developer/arc-analysis/DATA/ARC-1-TRAIN/e6721834.json,/home/jake/Developer/arc-analysis/DATA/ARC-2-TRAIN/e6721834.json,False,False,3,3,False,True,1,1,True,True,content_same_diff_train_order
e73095fd.json,/home/jake/Developer/arc-analysis/DATA/ARC-1-TRAIN/e73095fd.json,/home/jake/Developer/arc-analysis/DATA/ARC-2-TRAIN/e73095fd.json,False,False,3,3,False,True,1,1,True,True,content_same_diff_train_order
e76a88a6.json,/home/jake/Developer/arc-analysis/DATA/ARC-1-TRAIN/e76a88a6.json,/home/jake/Developer/arc-analysis/DATA/ARC-2-TRAIN/e76a88a6.json,False,False,2,2,False,True,1,1,True,True,content_same_diff_train_order
e8593010.json,/home/jake/Developer/arc-analysis/DATA/ARC-1-TRAIN/e8593010.json,/home/jake/Developer/arc-analysis/DATA/ARC-2-TRAIN/e8593010.json,False,False,3,3,False,True,1,1,True,True,content_same_diff_train_order
e8dc4411.json,/home/jake/Developer/arc-analysis/DATA/ARC-1-TRAIN/e8dc4411.json,/home/jake/Developer/arc-analysis/DATA/ARC-2-TRAIN/e8dc4411.json,False,False,3,3,False,True,1,1,True,True,content_same_diff_train_order
e9614598.json,/home/jake/Developer/arc-analysis/DATA/ARC-1-TRAIN/e9614598.json,/home/jake/Developer/arc-analysis/DATA/ARC-2-TRAIN/e9614598.json,False,False,2,2,False,True,2,2,False,True,content_same_order_insensitive
e98196ab.json,/home/jake/Developer/arc-analysis/DATA/ARC-1-TRAIN/e98196ab.json,/home/jake/Developer/arc-analysis/DATA/ARC-2-TRAIN/e98196ab.json,False,False,3,3,False,True,1,1,True,True,content_same_diff_train_order
e9afcf9a.json,/home/jake/Developer/arc-analysis/DATA/ARC-1-TRAIN/e9afcf9a.json,/home/jake/Developer/arc-analysis/DATA/ARC-2-TRAIN/e9afcf9a.json,False,False,2,2,False,True,1,1,True,True,content_same_diff_train_order
ea32f347.json,/home/jake/Developer/arc-analysis/DATA/ARC-1-TRAIN/ea32f347.json,/home/jake/Developer/arc-analysis/DATA/ARC-2-TRAIN/ea32f347.json,False,False,4,4,False,True,1,1,True,True,content_same_diff_train_order
ea786f4a.json,/home/jake/Developer/arc-analysis/DATA/ARC-1-TRAIN/ea786f4a.json,/home/jake/Developer/arc-analysis/DATA/ARC-2-TRAIN/ea786f4a.json,False,False,3,3,False,True,1,1,True,True,content_same_diff_train_order
eb281b96.json,/home/jake/Developer/arc-analysis/DATA/ARC-1-TRAIN/eb281b96.json,/home/jake/Developer/arc-analysis/DATA/ARC-2-TRAIN/eb281b96.json,False,False,2,2,False,True,1,1,True,True,content_same_diff_train_order
eb5a1d5d.json,/home/jake/Developer/arc-analysis/DATA/ARC-1-TRAIN/eb5a1d5d.json,/home/jake/Developer/arc-analysis/DATA/ARC-2-TRAIN/eb5a1d5d.json,False,False,3,3,False,True,1,1,True,True,content_same_diff_train_order
ec883f72.json,/home/jake/Developer/arc-analysis/DATA/ARC-1-TRAIN/ec883f72.json,/home/jake/Developer/arc-analysis/DATA/ARC-2-TRAIN/ec883f72.json,False,False,4,4,False,True,1,1,True,True,content_same_diff_train_order
ecdecbb3.json,/home/jake/Developer/arc-analysis/DATA/ARC-1-TRAIN/ecdecbb3.json,/home/jake/Developer/arc-analysis/DATA/ARC-2-TRAIN/ecdecbb3.json,False,False,3,3,False,True,1,1,True,True,content_same_diff_train_order
ed36ccf7.json,/home/jake/Developer/arc-analysis/DATA/ARC-1-TRAIN/ed36ccf7.json,/home/jake/Developer/arc-analysis/DATA/ARC-2-TRAIN/ed36ccf7.json,False,False,4,4,False,True,1,1,True,True,content_same_diff_train_order
ef135b50.json,/home/jake/Developer/arc-analysis/DATA/ARC-1-TRAIN/ef135b50.json,/home/jake/Developer/arc-analysis/DATA/ARC-2-TRAIN/ef135b50.json,False,False,3,3,False,True,1,1,True,True,content_same_diff_train_order
f15e1fac.json,/home/jake/Developer/arc-analysis/DATA/ARC-1-TRAIN/f15e1fac.json,/home/jake/Developer/arc-analysis/DATA/ARC-2-TRAIN/f15e1fac.json,False,False,3,3,False,True,1,1,True,True,content_same_diff_train_order
f1cefba8.json,/home/jake/Developer/arc-analysis/DATA/ARC-1-TRAIN/f1cefba8.json,/home/jake/Developer/arc-analysis/DATA/ARC-2-TRAIN/f1cefba8.json,False,False,3,3,False,True,1,1,True,True,content_same_diff_train_order
f25fbde4.json,/home/jake/Developer/arc-analysis/DATA/ARC-1-TRAIN/f25fbde4.json,/home/jake/Developer/arc-analysis/DATA/ARC-2-TRAIN/f25fbde4.json,False,False,3,3,False,True,1,1,True,True,content_same_diff_train_order
f25ffba3.json,/home/jake/Developer/arc-analysis/DATA/ARC-1-TRAIN/f25ffba3.json,/home/jake/Developer/arc-analysis/DATA/ARC-2-TRAIN/f25ffba3.json,False,False,2,2,False,True,1,1,True,True,content_same_diff_train_order
f2829549.json,/home/jake/Developer/arc-analysis/DATA/ARC-1-TRAIN/f2829549.json,/home/jake/Developer/arc-analysis/DATA/ARC-2-TRAIN/f2829549.json,False,False,5,5,False,True,1,1,True,True,content_same_diff_train_order
f35d900a.json,/home/jake/Developer/arc-analysis/DATA/ARC-1-TRAIN/f35d900a.json,/home/jake/Developer/arc-analysis/DATA/ARC-2-TRAIN/f35d900a.json,False,False,4,4,False,True,1,1,True,True,content_same_diff_train_order
f5b8619d.json,/home/jake/Developer/arc-analysis/DATA/ARC-1-TRAIN/f5b8619d.json,/home/jake/Developer/arc-analysis/DATA/ARC-2-TRAIN/f5b8619d.json,False,False,3,3,False,True,1,1,True,True,content_same_diff_train_order
f76d97a5.json,/home/jake/Developer/arc-analysis/DATA/ARC-1-TRAIN/f76d97a5.json,/home/jake/Developer/arc-analysis/DATA/ARC-2-TRAIN/f76d97a5.json,False,False,3,3,False,True,1,1,True,True,content_same_diff_train_order
f8a8fe49.json,/home/jake/Developer/arc-analysis/DATA/ARC-1-TRAIN/f8a8fe49.json,/home/jake/Developer/arc-analysis/DATA/ARC-2-TRAIN/f8a8fe49.json,False,False,3,3,False,True,1,1,True,True,content_same_diff_train_order
f8b3ba0a.json,/home/jake/Developer/arc-analysis/DATA/ARC-1-TRAIN/f8b3ba0a.json,/home/jake/Developer/arc-analysis/DATA/ARC-2-TRAIN/f8b3ba0a.json,False,False,4,4,False,True,1,1,True,True,content_same_diff_train_order
f8c80d96.json,/home/jake/Developer/arc-analysis/DATA/ARC-1-TRAIN/f8c80d96.json,/home/jake/Developer/arc-analysis/DATA/ARC-2-TRAIN/f8c80d96.json,False,False,3,3,False,True,1,1,True,True,content_same_diff_train_order
f8ff0b80.json,/home/jake/Developer/arc-analysis/DATA/ARC-1-TRAIN/f8ff0b80.json,/home/jake/Developer/arc-analysis/DATA/ARC-2-TRAIN/f8ff0b80.json,False,False,3,3,False,True,1,1,True,True,content_same_diff_train_order
f9012d9b.json,/home/jake/Developer/arc-analysis/DATA/ARC-1-TRAIN/f9012d9b.json,/home/jake/Developer/arc-analysis/DATA/ARC-2-TRAIN/f9012d9b.json,False,False,3,3,False,True,1,1,True,True,content_same_diff_train_order
fafffa47.json,/home/jake/Developer/arc-analysis/DATA/ARC-1-TRAIN/fafffa47.json,/home/jake/Developer/arc-analysis/DATA/ARC-2-TRAIN/fafffa47.json,False,False,5,5,False,True,1,1,True,True,content_same_diff_train_order
fcb5c309.json,/home/jake/Developer/arc-analysis/DATA/ARC-1-TRAIN/fcb5c309.json,/home/jake/Developer/arc-analysis/DATA/ARC-2-TRAIN/fcb5c309.json,False,False,3,3,False,True,1,1,True,True,content_same_diff_train_order
fcc82909.json,/home/jake/Developer/arc-analysis/DATA/ARC-1-TRAIN/fcc82909.json,/home/jake/Developer/arc-analysis/DATA/ARC-2-TRAIN/fcc82909.json,False,False,3,3,False,True,1,1,True,True,content_same_diff_train_order
feca6190.json,/home/jake/Developer/arc-analysis/DATA/ARC-1-TRAIN/feca6190.json,/home/jake/Developer/arc-analysis/DATA/ARC-2-TRAIN/feca6190.json,False,False,5,5,False,True,1,1,True,True,content_same_diff_train_order
ff28f65a.json,/home/jake/Developer/arc-analysis/DATA/ARC-1-TRAIN/ff28f65a.json,/home/jake/Developer/arc-analysis/DATA/ARC-2-TRAIN/ff28f65a.json,False,False,8,8,False,True,3,3,False,True,content_same_order_insensitive
ff805c23.json,/home/jake/Developer/arc-analysis/DATA/ARC-1-TRAIN/ff805c23.json,/home/jake/Developer/arc-analysis/DATA/ARC-2-TRAIN/ff805c23.json,False,False,3,3,False,True,1,1,True,True,content_same_diff_train_order
